id,kode_provinsi,nama_provinsi,bps_kode_kabupaten_kota,bps_nama_kabupaten_kota,bps_kode_kecamatan,bps_nama_kecamatan,kemendagri_kode_kecamatan,kemendagri_nama_kecamatan,upt_puskesmas,jenis_kelamin,jumlah_kasus,satuan,tahun
1,32,JAWA BARAT,3273,KOTA BANDUNG,3273130,ARCAMANIK,32.73.24,ARCAMANIK,UPT ARCAMANIK,LAKI LAKI,89,ORANG,2016
2,32,JAWA BARAT,3273,KOTA BANDUNG,3273130,ARCAMANIK,32.73.24,ARCAMANIK,UPT ARCAMANIK,PEREMPUAN,96,ORANG,2016
3,32,JAWA BARAT,3273,KOTA BANDUNG,3273150,KIARACONDONG,32.73.16,KIARACONDONG,UPT BABAKAN SARI,LAKI LAKI,126,ORANG,2016
4,32,JAWA BARAT,3273,KOTA BANDUNG,3273150,KIARACONDONG,32.73.16,KIARACONDONG,UPT BABAKAN SARI,PEREMPUAN,77,ORANG,2016
5,32,JAWA BARAT,3273,KOTA BANDUNG,3273020,BABAKAN CIPARAY,32.73.03,BABAKAN CIPARAY,UPT CARINGIN,LAKI LAKI,48,ORANG,2016
6,32,JAWA BARAT,3273,KOTA BANDUNG,3273020,BABAKAN CIPARAY,32.73.03,BABAKAN CIPARAY,UPT CARINGIN,PEREMPUAN,41,ORANG,2016
7,32,JAWA BARAT,3273,KOTA BANDUNG,3273030,BOJONGLOA KALER,32.73.04,BOJONGLOA KALER,UPT CETARIP,LAKI LAKI,33,ORANG,2016
8,32,JAWA BARAT,3273,KOTA BANDUNG,3273030,BOJONGLOA KALER,32.73.04,BOJONGLOA KALER,UPT CETARIP,PEREMPUAN,31,ORANG,2016
9,32,JAWA BARAT,3273,KOTA BANDUNG,3273110,CIBIRU,32.73.25,CIBIRU,UPT CIBIRU,LAKI LAKI,53,ORANG,2016
10,32,JAWA BARAT,3273,KOTA BANDUNG,3273110,CIBIRU,32.73.25,CIBIRU,UPT CIBIRU,PEREMPUAN,71,ORANG,2016
11,32,JAWA BARAT,3273,KOTA BANDUNG,3273010,BANDUNG KULON,32.73.15,BANDUNG KULON,UPT CIBUNTU,LAKI LAKI,73,ORANG,2016
12,32,JAWA BARAT,3273,KOTA BANDUNG,3273010,BANDUNG KULON,32.73.15,BANDUNG KULON,UPT CIBUNTU,PEREMPUAN,63,ORANG,2016
13,32,JAWA BARAT,3273,KOTA BANDUNG,3273121,CINAMBO,32.73.29,CINAMBO,UPT CINAMBO,LAKI LAKI,17,ORANG,2016
14,32,JAWA BARAT,3273,KOTA BANDUNG,3273121,CINAMBO,32.73.29,CINAMBO,UPT CINAMBO,PEREMPUAN,19,ORANG,2016
15,32,JAWA BARAT,3273,KOTA BANDUNG,3273100,RANCASARI,32.73.23,RANCASARI,UPT CIPAMOKOLAN,LAKI LAKI,103,ORANG,2016
16,32,JAWA BARAT,3273,KOTA BANDUNG,3273100,RANCASARI,32.73.23,RANCASARI,UPT CIPAMOKOLAN,PEREMPUAN,103,ORANG,2016
17,32,JAWA BARAT,3273,KOTA BANDUNG,3273260,CIDADAP,32.73.08,CIDADAP,UPT CIUMBULEUIT,LAKI LAKI,39,ORANG,2016
18,32,JAWA BARAT,3273,KOTA BANDUNG,3273260,CIDADAP,32.73.08,CIDADAP,UPT CIUMBULEUIT,PEREMPUAN,29,ORANG,2016
19,32,JAWA BARAT,3273,KOTA BANDUNG,3273180,ANDIR,32.73.05,ANDIR,UPT GARUDA,LAKI LAKI,62,ORANG,2016
20,32,JAWA BARAT,3273,KOTA BANDUNG,3273180,ANDIR,32.73.05,ANDIR,UPT GARUDA,PEREMPUAN,44,ORANG,2016
21,32,JAWA BARAT,3273,KOTA BANDUNG,3273141,ANTAPANI,32.73.20,ANTAPANI,UPT GRIYA ANTAPANI,LAKI LAKI,99,ORANG,2016
22,32,JAWA BARAT,3273,KOTA BANDUNG,3273141,ANTAPANI,32.73.20,ANTAPANI,UPT GRIYA ANTAPANI,PEREMPUAN,71,ORANG,2016
23,32,JAWA BARAT,3273,KOTA BANDUNG,3273160,BATUNUNGGAL,32.73.12,BATUNUNGGAL,UPT IBRAHIM AJI,LAKI LAKI,114,ORANG,2016
24,32,JAWA BARAT,3273,KOTA BANDUNG,3273160,BATUNUNGGAL,32.73.12,BATUNUNGGAL,UPT IBRAHIM AJI,PEREMPUAN,96,ORANG,2016
25,32,JAWA BARAT,3273,KOTA BANDUNG,3273040,BOJONGLOA KIDUL,32.73.17,BOJONGLOA KIDUL,UPT KOPO,LAKI LAKI,55,ORANG,2016
26,32,JAWA BARAT,3273,KOTA BANDUNG,3273040,BOJONGLOA KIDUL,32.73.17,BOJONGLOA KIDUL,UPT KOPO,PEREMPUAN,25,ORANG,2016
27,32,JAWA BARAT,3273,KOTA BANDUNG,3273080,BANDUNG KIDUL,32.73.21,BANDUNG KIDUL,UPT KUJANGSARI,LAKI LAKI,104,ORANG,2016
28,32,JAWA BARAT,3273,KOTA BANDUNG,3273080,BANDUNG KIDUL,32.73.21,BANDUNG KIDUL,UPT KUJANGSARI,PEREMPUAN,59,ORANG,2016
29,32,JAWA BARAT,3273,KOTA BANDUNG,3273090,BUAHBATU,32.73.22,BUAHBATU,UPT MARGAHAYU RAYA,LAKI LAKI,145,ORANG,2016
30,32,JAWA BARAT,3273,KOTA BANDUNG,3273090,BUAHBATU,32.73.22,BUAHBATU,UPT MARGAHAYU RAYA,PEREMPUAN,148,ORANG,2016
31,32,JAWA BARAT,3273,KOTA BANDUNG,3273220,CIBEUNYING KALER,32.73.18,CIBEUNYING KALER,UPT NEGLASARI,LAKI LAKI,73,ORANG,2016
32,32,JAWA BARAT,3273,KOTA BANDUNG,3273220,CIBEUNYING KALER,32.73.18,CIBEUNYING KALER,UPT NEGLASARI,PEREMPUAN,71,ORANG,2016
33,32,JAWA BARAT,3273,KOTA BANDUNG,3273210,CIBEUNYING KIDUL,32.73.14,CIBEUNYING KIDUL,UPT PADASUKA,LAKI LAKI,67,ORANG,2016
34,32,JAWA BARAT,3273,KOTA BANDUNG,3273210,CIBEUNYING KIDUL,32.73.14,CIBEUNYING KIDUL,UPT PADASUKA,PEREMPUAN,74,ORANG,2016
35,32,JAWA BARAT,3273,KOTA BANDUNG,3273050,ASTANAANYAR,32.73.10,ASTANA ANYAR,UPT PAGARSIH,LAKI LAKI,37,ORANG,2016
36,32,JAWA BARAT,3273,KOTA BANDUNG,3273050,ASTANAANYAR,32.73.10,ASTANA ANYAR,UPT PAGARSIH,PEREMPUAN,30,ORANG,2016
37,32,JAWA BARAT,3273,KOTA BANDUNG,3273111,PANYILEUKAN,32.73.28,PANYILEUKAN,UPT PANGHEGAR,LAKI LAKI,24,ORANG,2016
38,32,JAWA BARAT,3273,KOTA BANDUNG,3273111,PANYILEUKAN,32.73.28,PANYILEUKAN,UPT PANGHEGAR,PEREMPUAN,24,ORANG,2016
39,32,JAWA BARAT,3273,KOTA BANDUNG,3273190,CICENDO,32.73.06,CICENDO,UPT PASIRKALIKI,LAKI LAKI,50,ORANG,2016
40,32,JAWA BARAT,3273,KOTA BANDUNG,3273190,CICENDO,32.73.06,CICENDO,UPT PASIRKALIKI,PEREMPUAN,58,ORANG,2016
41,32,JAWA BARAT,3273,KOTA BANDUNG,3273060,REGOL,32.73.11,REGOL,UPT PASUNDAN,LAKI LAKI,80,ORANG,2016
42,32,JAWA BARAT,3273,KOTA BANDUNG,3273060,REGOL,32.73.11,REGOL,UPT PASUNDAN,PEREMPUAN,79,ORANG,2016
43,32,JAWA BARAT,3273,KOTA BANDUNG,3273230,COBLONG,32.73.02,COBLONG,UPT PUTER,LAKI LAKI,156,ORANG,2016
44,32,JAWA BARAT,3273,KOTA BANDUNG,3273230,COBLONG,32.73.02,COBLONG,UPT PUTER,PEREMPUAN,136,ORANG,2016
45,32,JAWA BARAT,3273,KOTA BANDUNG,3273101,GEDEBAGE,32.73.27,GEDEBAGE,UPT RIUNG BANDUNG,LAKI LAKI,48,ORANG,2016
46,32,JAWA BARAT,3273,KOTA BANDUNG,3273101,GEDEBAGE,32.73.27,GEDEBAGE,UPT RIUNG BANDUNG,PEREMPUAN,45,ORANG,2016
47,32,JAWA BARAT,3273,KOTA BANDUNG,3273200,BANDUNG WETAN,32.73.09,BANDUNG WETAN,UPT SALAM,LAKI LAKI,25,ORANG,2016
48,32,JAWA BARAT,3273,KOTA BANDUNG,3273200,BANDUNG WETAN,32.73.09,BANDUNG WETAN,UPT SALAM,PEREMPUAN,14,ORANG,2016
49,32,JAWA BARAT,3273,KOTA BANDUNG,3273142,MANDALAJATI,32.73.30,MANDALAJATI,UPT SINDANGJAYA,LAKI LAKI,32,ORANG,2016
50,32,JAWA BARAT,3273,KOTA BANDUNG,3273142,MANDALAJATI,32.73.30,MANDALAJATI,UPT SINDANGJAYA,PEREMPUAN,39,ORANG,2016
51,32,JAWA BARAT,3273,KOTA BANDUNG,3273240,SUKAJADI,32.73.07,SUKAJADI,UPT SUKAJADI,LAKI LAKI,52,ORANG,2016
52,32,JAWA BARAT,3273,KOTA BANDUNG,3273240,SUKAJADI,32.73.07,SUKAJADI,UPT SUKAJADI,PEREMPUAN,45,ORANG,2016
53,32,JAWA BARAT,3273,KOTA BANDUNG,3273250,SUKASARI,32.73.01,SUKASARI,UPT SUKARASA,LAKI LAKI,42,ORANG,2016
54,32,JAWA BARAT,3273,KOTA BANDUNG,3273250,SUKASARI,32.73.01,SUKASARI,UPT SUKARASA,PEREMPUAN,54,ORANG,2016
55,32,JAWA BARAT,3273,KOTA BANDUNG,3273070,LENGKONG,32.73.13,LENGKONG,UPT TALAGABODAS,LAKI LAKI,133,ORANG,2016
56,32,JAWA BARAT,3273,KOTA BANDUNG,3273070,LENGKONG,32.73.13,LENGKONG,UPT TALAGABODAS,PEREMPUAN,93,ORANG,2016
57,32,JAWA BARAT,3273,KOTA BANDUNG,3273170,SUMUR BANDUNG,32.73.19,SUMUR BANDUNG,UPT TAMBLONG,LAKI LAKI,15,ORANG,2016
58,32,JAWA BARAT,3273,KOTA BANDUNG,3273170,SUMUR BANDUNG,32.73.19,SUMUR BANDUNG,UPT TAMBLONG,PEREMPUAN,22,ORANG,2016
59,32,JAWA BARAT,3273,KOTA BANDUNG,3273120,UJUNG BERUNG,32.73.26,UJUNGBERUNG,UPT UJUNGBERUNG INDAH,LAKI LAKI,60,ORANG,2016
60,32,JAWA BARAT,3273,KOTA BANDUNG,3273120,UJUNG BERUNG,32.73.26,UJUNGBERUNG,UPT UJUNGBERUNG INDAH,PEREMPUAN,69,ORANG,2016
61,32,JAWA BARAT,3273,KOTA BANDUNG,3273130,ARCAMANIK,32.73.24,ARCAMANIK,UPT ARCAMANIK,LAKI LAKI,40,ORANG,2017
62,32,JAWA BARAT,3273,KOTA BANDUNG,3273130,ARCAMANIK,32.73.24,ARCAMANIK,UPT ARCAMANIK,PEREMPUAN,22,ORANG,2017
63,32,JAWA BARAT,3273,KOTA BANDUNG,3273150,KIARACONDONG,32.73.16,KIARACONDONG,UPT BABAKAN SARI,LAKI LAKI,68,ORANG,2017
64,32,JAWA BARAT,3273,KOTA BANDUNG,3273150,KIARACONDONG,32.73.16,KIARACONDONG,UPT BABAKAN SARI,PEREMPUAN,46,ORANG,2017
65,32,JAWA BARAT,3273,KOTA BANDUNG,3273020,BABAKAN CIPARAY,32.73.03,BABAKAN CIPARAY,UPT CARINGIN,LAKI LAKI,9,ORANG,2017
66,32,JAWA BARAT,3273,KOTA BANDUNG,3273020,BABAKAN CIPARAY,32.73.03,BABAKAN CIPARAY,UPT CARINGIN,PEREMPUAN,8,ORANG,2017
67,32,JAWA BARAT,3273,KOTA BANDUNG,3273030,BOJONGLOA KALER,32.73.04,BOJONGLOA KALER,UPT CETARIP,LAKI LAKI,16,ORANG,2017
68,32,JAWA BARAT,3273,KOTA BANDUNG,3273030,BOJONGLOA KALER,32.73.04,BOJONGLOA KALER,UPT CETARIP,PEREMPUAN,8,ORANG,2017
69,32,JAWA BARAT,3273,KOTA BANDUNG,3273110,CIBIRU,32.73.25,CIBIRU,UPT CIBIRU,LAKI LAKI,14,ORANG,2017
70,32,JAWA BARAT,3273,KOTA BANDUNG,3273110,CIBIRU,32.73.25,CIBIRU,UPT CIBIRU,PEREMPUAN,15,ORANG,2017
71,32,JAWA BARAT,3273,KOTA BANDUNG,3273010,BANDUNG KULON,32.73.15,BANDUNG KULON,UPT CIBUNTU,LAKI LAKI,17,ORANG,2017
72,32,JAWA BARAT,3273,KOTA BANDUNG,3273010,BANDUNG KULON,32.73.15,BANDUNG KULON,UPT CIBUNTU,PEREMPUAN,8,ORANG,2017
73,32,JAWA BARAT,3273,KOTA BANDUNG,3273121,CINAMBO,32.73.29,CINAMBO,UPT CINAMBO,LAKI LAKI,16,ORANG,2017
74,32,JAWA BARAT,3273,KOTA BANDUNG,3273121,CINAMBO,32.73.29,CINAMBO,UPT CINAMBO,PEREMPUAN,10,ORANG,2017
75,32,JAWA BARAT,3273,KOTA BANDUNG,3273100,RANCASARI,32.73.23,RANCASARI,UPT CIPAMOKOLAN,LAKI LAKI,50,ORANG,2017
76,32,JAWA BARAT,3273,KOTA BANDUNG,3273100,RANCASARI,32.73.23,RANCASARI,UPT CIPAMOKOLAN,PEREMPUAN,39,ORANG,2017
77,32,JAWA BARAT,3273,KOTA BANDUNG,3273260,CIDADAP,32.73.08,CIDADAP,UPT CIUMBULEUIT,LAKI LAKI,8,ORANG,2017
78,32,JAWA BARAT,3273,KOTA BANDUNG,3273260,CIDADAP,32.73.08,CIDADAP,UPT CIUMBULEUIT,PEREMPUAN,4,ORANG,2017
79,32,JAWA BARAT,3273,KOTA BANDUNG,3273180,ANDIR,32.73.05,ANDIR,UPT GARUDA,LAKI LAKI,16,ORANG,2017
80,32,JAWA BARAT,3273,KOTA BANDUNG,3273180,ANDIR,32.73.05,ANDIR,UPT GARUDA,PEREMPUAN,17,ORANG,2017
81,32,JAWA BARAT,3273,KOTA BANDUNG,3273141,ANTAPANI,32.73.20,ANTAPANI,UPT GRIYA ANTAPANI,LAKI LAKI,52,ORANG,2017
82,32,JAWA BARAT,3273,KOTA BANDUNG,3273141,ANTAPANI,32.73.20,ANTAPANI,UPT GRIYA ANTAPANI,PEREMPUAN,40,ORANG,2017
83,32,JAWA BARAT,3273,KOTA BANDUNG,3273160,BATUNUNGGAL,32.73.12,BATUNUNGGAL,UPT IBRAHIM AJI,LAKI LAKI,72,ORANG,2017
84,32,JAWA BARAT,3273,KOTA BANDUNG,3273160,BATUNUNGGAL,32.73.12,BATUNUNGGAL,UPT IBRAHIM AJI,PEREMPUAN,59,ORANG,2017
85,32,JAWA BARAT,3273,KOTA BANDUNG,3273040,BOJONGLOA KIDUL,32.73.17,BOJONGLOA KIDUL,UPT KOPO,LAKI LAKI,9,ORANG,2017
86,32,JAWA BARAT,3273,KOTA BANDUNG,3273040,BOJONGLOA KIDUL,32.73.17,BOJONGLOA KIDUL,UPT KOPO,PEREMPUAN,9,ORANG,2017
87,32,JAWA BARAT,3273,KOTA BANDUNG,3273080,BANDUNG KIDUL,32.73.21,BANDUNG KIDUL,UPT KUJANGSARI,LAKI LAKI,44,ORANG,2017
88,32,JAWA BARAT,3273,KOTA BANDUNG,3273080,BANDUNG KIDUL,32.73.21,BANDUNG KIDUL,UPT KUJANGSARI,PEREMPUAN,38,ORANG,2017
89,32,JAWA BARAT,3273,KOTA BANDUNG,3273090,BUAHBATU,32.73.22,BUAHBATU,UPT MARGAHAYU RAYA,LAKI LAKI,78,ORANG,2017
90,32,JAWA BARAT,3273,KOTA BANDUNG,3273090,BUAHBATU,32.73.22,BUAHBATU,UPT MARGAHAYU RAYA,PEREMPUAN,56,ORANG,2017
91,32,JAWA BARAT,3273,KOTA BANDUNG,3273220,CIBEUNYING KALER,32.73.18,CIBEUNYING KALER,UPT NEGLASARI,LAKI LAKI,35,ORANG,2017
92,32,JAWA BARAT,3273,KOTA BANDUNG,3273220,CIBEUNYING KALER,32.73.18,CIBEUNYING KALER,UPT NEGLASARI,PEREMPUAN,29,ORANG,2017
93,32,JAWA BARAT,3273,KOTA BANDUNG,3273210,CIBEUNYING KIDUL,32.73.14,CIBEUNYING KIDUL,UPT PADASUKA,LAKI LAKI,50,ORANG,2017
94,32,JAWA BARAT,3273,KOTA BANDUNG,3273210,CIBEUNYING KIDUL,32.73.14,CIBEUNYING KIDUL,UPT PADASUKA,PEREMPUAN,56,ORANG,2017
95,32,JAWA BARAT,3273,KOTA BANDUNG,3273050,ASTANAANYAR,32.73.10,ASTANA ANYAR,UPT PAGARSIH,LAKI LAKI,29,ORANG,2017
96,32,JAWA BARAT,3273,KOTA BANDUNG,3273050,ASTANAANYAR,32.73.10,ASTANA ANYAR,UPT PAGARSIH,PEREMPUAN,29,ORANG,2017
97,32,JAWA BARAT,3273,KOTA BANDUNG,3273111,PANYILEUKAN,32.73.28,PANYILEUKAN,UPT PANGHEGAR,LAKI LAKI,17,ORANG,2017
98,32,JAWA BARAT,3273,KOTA BANDUNG,3273111,PANYILEUKAN,32.73.28,PANYILEUKAN,UPT PANGHEGAR,PEREMPUAN,17,ORANG,2017
99,32,JAWA BARAT,3273,KOTA BANDUNG,3273190,CICENDO,32.73.06,CICENDO,UPT PASIRKALIKI,LAKI LAKI,19,ORANG,2017
100,32,JAWA BARAT,3273,KOTA BANDUNG,3273190,CICENDO,32.73.06,CICENDO,UPT PASIRKALIKI,PEREMPUAN,15,ORANG,2017
101,32,JAWA BARAT,3273,KOTA BANDUNG,3273060,REGOL,32.73.11,REGOL,UPT PASUNDAN,LAKI LAKI,69,ORANG,2017
102,32,JAWA BARAT,3273,KOTA BANDUNG,3273060,REGOL,32.73.11,REGOL,UPT PASUNDAN,PEREMPUAN,46,ORANG,2017
103,32,JAWA BARAT,3273,KOTA BANDUNG,3273230,COBLONG,32.73.02,COBLONG,UPT PUTER,LAKI LAKI,60,ORANG,2017
104,32,JAWA BARAT,3273,KOTA BANDUNG,3273230,COBLONG,32.73.02,COBLONG,UPT PUTER,PEREMPUAN,67,ORANG,2017
105,32,JAWA BARAT,3273,KOTA BANDUNG,3273101,GEDEBAGE,32.73.27,GEDEBAGE,UPT RIUNG BANDUNG,LAKI LAKI,18,ORANG,2017
106,32,JAWA BARAT,3273,KOTA BANDUNG,3273101,GEDEBAGE,32.73.27,GEDEBAGE,UPT RIUNG BANDUNG,PEREMPUAN,11,ORANG,2017
107,32,JAWA BARAT,3273,KOTA BANDUNG,3273200,BANDUNG WETAN,32.73.09,BANDUNG WETAN,UPT SALAM,LAKI LAKI,15,ORANG,2017
108,32,JAWA BARAT,3273,KOTA BANDUNG,3273200,BANDUNG WETAN,32.73.09,BANDUNG WETAN,UPT SALAM,PEREMPUAN,9,ORANG,2017
109,32,JAWA BARAT,3273,KOTA BANDUNG,3273142,MANDALAJATI,32.73.30,MANDALAJATI,UPT SINDANGJAYA,LAKI LAKI,17,ORANG,2017
110,32,JAWA BARAT,3273,KOTA BANDUNG,3273142,MANDALAJATI,32.73.30,MANDALAJATI,UPT SINDANGJAYA,PEREMPUAN,16,ORANG,2017
111,32,JAWA BARAT,3273,KOTA BANDUNG,3273240,SUKAJADI,32.73.07,SUKAJADI,UPT SUKAJADI,LAKI LAKI,17,ORANG,2017
112,32,JAWA BARAT,3273,KOTA BANDUNG,3273240,SUKAJADI,32.73.07,SUKAJADI,UPT SUKAJADI,PEREMPUAN,19,ORANG,2017
113,32,JAWA BARAT,3273,KOTA BANDUNG,3273250,SUKASARI,32.73.01,SUKASARI,UPT SUKARASA,LAKI LAKI,18,ORANG,2017
114,32,JAWA BARAT,3273,KOTA BANDUNG,3273250,SUKASARI,32.73.01,SUKASARI,UPT SUKARASA,PEREMPUAN,25,ORANG,2017
115,32,JAWA BARAT,3273,KOTA BANDUNG,3273070,LENGKONG,32.73.13,LENGKONG,UPT TALAGABODAS,LAKI LAKI,75,ORANG,2017
116,32,JAWA BARAT,3273,KOTA BANDUNG,3273070,LENGKONG,32.73.13,LENGKONG,UPT TALAGABODAS,PEREMPUAN,63,ORANG,2017
117,32,JAWA BARAT,3273,KOTA BANDUNG,3273170,SUMUR BANDUNG,32.73.19,SUMUR BANDUNG,UPT TAMBLONG,LAKI LAKI,18,ORANG,2017
118,32,JAWA BARAT,3273,KOTA BANDUNG,3273170,SUMUR BANDUNG,32.73.19,SUMUR BANDUNG,UPT TAMBLONG,PEREMPUAN,7,ORANG,2017
119,32,JAWA BARAT,3273,KOTA BANDUNG,3273120,UJUNG BERUNG,32.73.26,UJUNGBERUNG,UPT UJUNGBERUNG INDAH,LAKI LAKI,14,ORANG,2017
120,32,JAWA BARAT,3273,KOTA BANDUNG,3273120,UJUNG BERUNG,32.73.26,UJUNGBERUNG,UPT UJUNGBERUNG INDAH,PEREMPUAN,18,ORANG,2017
121,32,JAWA BARAT,3273,KOTA BANDUNG,3273130,ARCAMANIK,32.73.24,ARCAMANIK,UPT ARCAMANIK,LAKI LAKI,52,ORANG,2018
122,32,JAWA BARAT,3273,KOTA BANDUNG,3273130,ARCAMANIK,32.73.24,ARCAMANIK,UPT ARCAMANIK,PEREMPUAN,43,ORANG,2018
123,32,JAWA BARAT,3273,KOTA BANDUNG,3273150,KIARACONDONG,32.73.16,KIARACONDONG,UPT BABAKAN SARI,LAKI LAKI,103,ORANG,2018
124,32,JAWA BARAT,3273,KOTA BANDUNG,3273150,KIARACONDONG,32.73.16,KIARACONDONG,UPT BABAKAN SARI,PEREMPUAN,72,ORANG,2018
125,32,JAWA BARAT,3273,KOTA BANDUNG,3273020,BABAKAN CIPARAY,32.73.03,BABAKAN CIPARAY,UPT CARINGIN,LAKI LAKI,38,ORANG,2018
126,32,JAWA BARAT,3273,KOTA BANDUNG,3273020,BABAKAN CIPARAY,32.73.03,BABAKAN CIPARAY,UPT CARINGIN,PEREMPUAN,50,ORANG,2018
127,32,JAWA BARAT,3273,KOTA BANDUNG,3273030,BOJONGLOA KALER,32.73.04,BOJONGLOA KALER,UPT CETARIP,LAKI LAKI,40,ORANG,2018
128,32,JAWA BARAT,3273,KOTA BANDUNG,3273030,BOJONGLOA KALER,32.73.04,BOJONGLOA KALER,UPT CETARIP,PEREMPUAN,49,ORANG,2018
129,32,JAWA BARAT,3273,KOTA BANDUNG,3273110,CIBIRU,32.73.25,CIBIRU,UPT CIBIRU,LAKI LAKI,52,ORANG,2018
130,32,JAWA BARAT,3273,KOTA BANDUNG,3273110,CIBIRU,32.73.25,CIBIRU,UPT CIBIRU,PEREMPUAN,53,ORANG,2018
131,32,JAWA BARAT,3273,KOTA BANDUNG,3273010,BANDUNG KULON,32.73.15,BANDUNG KULON,UPT CIBUNTU,LAKI LAKI,26,ORANG,2018
132,32,JAWA BARAT,3273,KOTA BANDUNG,3273010,BANDUNG KULON,32.73.15,BANDUNG KULON,UPT CIBUNTU,PEREMPUAN,21,ORANG,2018
133,32,JAWA BARAT,3273,KOTA BANDUNG,3273121,CINAMBO,32.73.29,CINAMBO,UPT CINAMBO,LAKI LAKI,15,ORANG,2018
134,32,JAWA BARAT,3273,KOTA BANDUNG,3273121,CINAMBO,32.73.29,CINAMBO,UPT CINAMBO,PEREMPUAN,9,ORANG,2018
135,32,JAWA BARAT,3273,KOTA BANDUNG,3273100,RANCASARI,32.73.23,RANCASARI,UPT CIPAMOKOLAN,LAKI LAKI,58,ORANG,2018
136,32,JAWA BARAT,3273,KOTA BANDUNG,3273100,RANCASARI,32.73.23,RANCASARI,UPT CIPAMOKOLAN,PEREMPUAN,42,ORANG,2018
137,32,JAWA BARAT,3273,KOTA BANDUNG,3273260,CIDADAP,32.73.08,CIDADAP,UPT CIUMBULEUIT,LAKI LAKI,22,ORANG,2018
138,32,JAWA BARAT,3273,KOTA BANDUNG,3273260,CIDADAP,32.73.08,CIDADAP,UPT CIUMBULEUIT,PEREMPUAN,23,ORANG,2018
139,32,JAWA BARAT,3273,KOTA BANDUNG,3273180,ANDIR,32.73.05,ANDIR,UPT GARUDA,LAKI LAKI,34,ORANG,2018
140,32,JAWA BARAT,3273,KOTA BANDUNG,3273180,ANDIR,32.73.05,ANDIR,UPT GARUDA,PEREMPUAN,33,ORANG,2018
141,32,JAWA BARAT,3273,KOTA BANDUNG,3273141,ANTAPANI,32.73.20,ANTAPANI,UPT GRIYA ANTAPANI,LAKI LAKI,61,ORANG,2018
142,32,JAWA BARAT,3273,KOTA BANDUNG,3273141,ANTAPANI,32.73.20,ANTAPANI,UPT GRIYA ANTAPANI,PEREMPUAN,67,ORANG,2018
143,32,JAWA BARAT,3273,KOTA BANDUNG,3273160,BATUNUNGGAL,32.73.12,BATUNUNGGAL,UPT IBRAHIM AJI,LAKI LAKI,79,ORANG,2018
144,32,JAWA BARAT,3273,KOTA BANDUNG,3273160,BATUNUNGGAL,32.73.12,BATUNUNGGAL,UPT IBRAHIM AJI,PEREMPUAN,83,ORANG,2018
145,32,JAWA BARAT,3273,KOTA BANDUNG,3273040,BOJONGLOA KIDUL,32.73.17,BOJONGLOA KIDUL,UPT KOPO,LAKI LAKI,34,ORANG,2018
146,32,JAWA BARAT,3273,KOTA BANDUNG,3273040,BOJONGLOA KIDUL,32.73.17,BOJONGLOA KIDUL,UPT KOPO,PEREMPUAN,50,ORANG,2018
147,32,JAWA BARAT,3273,KOTA BANDUNG,3273080,BANDUNG KIDUL,32.73.21,BANDUNG KIDUL,UPT KUJANGSARI,LAKI LAKI,38,ORANG,2018
148,32,JAWA BARAT,3273,KOTA BANDUNG,3273080,BANDUNG KIDUL,32.73.21,BANDUNG KIDUL,UPT KUJANGSARI,PEREMPUAN,36,ORANG,2018
149,32,JAWA BARAT,3273,KOTA BANDUNG,3273090,BUAHBATU,32.73.22,BUAHBATU,UPT MARGAHAYU RAYA,LAKI LAKI,67,ORANG,2018
150,32,JAWA BARAT,3273,KOTA BANDUNG,3273090,BUAHBATU,32.73.22,BUAHBATU,UPT MARGAHAYU RAYA,PEREMPUAN,64,ORANG,2018
151,32,JAWA BARAT,3273,KOTA BANDUNG,3273220,CIBEUNYING KALER,32.73.18,CIBEUNYING KALER,UPT NEGLASARI,LAKI LAKI,50,ORANG,2018
152,32,JAWA BARAT,3273,KOTA BANDUNG,3273220,CIBEUNYING KALER,32.73.18,CIBEUNYING KALER,UPT NEGLASARI,PEREMPUAN,62,ORANG,2018
153,32,JAWA BARAT,3273,KOTA BANDUNG,3273210,CIBEUNYING KIDUL,32.73.14,CIBEUNYING KIDUL,UPT PADASUKA,LAKI LAKI,119,ORANG,2018
154,32,JAWA BARAT,3273,KOTA BANDUNG,3273210,CIBEUNYING KIDUL,32.73.14,CIBEUNYING KIDUL,UPT PADASUKA,PEREMPUAN,103,ORANG,2018
155,32,JAWA BARAT,3273,KOTA BANDUNG,3273050,ASTANAANYAR,32.73.10,ASTANA ANYAR,UPT PAGARSIH,LAKI LAKI,43,ORANG,2018
156,32,JAWA BARAT,3273,KOTA BANDUNG,3273050,ASTANAANYAR,32.73.10,ASTANA ANYAR,UPT PAGARSIH,PEREMPUAN,47,ORANG,2018
157,32,JAWA BARAT,3273,KOTA BANDUNG,3273111,PANYILEUKAN,32.73.28,PANYILEUKAN,UPT PANGHEGAR,LAKI LAKI,19,ORANG,2018
158,32,JAWA BARAT,3273,KOTA BANDUNG,3273111,PANYILEUKAN,32.73.28,PANYILEUKAN,UPT PANGHEGAR,PEREMPUAN,29,ORANG,2018
159,32,JAWA BARAT,3273,KOTA BANDUNG,3273190,CICENDO,32.73.06,CICENDO,UPT PASIRKALIKI,LAKI LAKI,44,ORANG,2018
160,32,JAWA BARAT,3273,KOTA BANDUNG,3273190,CICENDO,32.73.06,CICENDO,UPT PASIRKALIKI,PEREMPUAN,49,ORANG,2018
161,32,JAWA BARAT,3273,KOTA BANDUNG,3273060,REGOL,32.73.11,REGOL,UPT PASUNDAN,LAKI LAKI,38,ORANG,2018
162,32,JAWA BARAT,3273,KOTA BANDUNG,3273060,REGOL,32.73.11,REGOL,UPT PASUNDAN,PEREMPUAN,42,ORANG,2018
163,32,JAWA BARAT,3273,KOTA BANDUNG,3273230,COBLONG,32.73.02,COBLONG,UPT PUTER,LAKI LAKI,104,ORANG,2018
164,32,JAWA BARAT,3273,KOTA BANDUNG,3273230,COBLONG,32.73.02,COBLONG,UPT PUTER,PEREMPUAN,83,ORANG,2018
165,32,JAWA BARAT,3273,KOTA BANDUNG,3273101,GEDEBAGE,32.73.27,GEDEBAGE,UPT RIUNG BANDUNG,LAKI LAKI,33,ORANG,2018
166,32,JAWA BARAT,3273,KOTA BANDUNG,3273101,GEDEBAGE,32.73.27,GEDEBAGE,UPT RIUNG BANDUNG,PEREMPUAN,23,ORANG,2018
167,32,JAWA BARAT,3273,KOTA BANDUNG,3273200,BANDUNG WETAN,32.73.09,BANDUNG WETAN,UPT SALAM,LAKI LAKI,23,ORANG,2018
168,32,JAWA BARAT,3273,KOTA BANDUNG,3273200,BANDUNG WETAN,32.73.09,BANDUNG WETAN,UPT SALAM,PEREMPUAN,12,ORANG,2018
169,32,JAWA BARAT,3273,KOTA BANDUNG,3273142,MANDALAJATI,32.73.30,MANDALAJATI,UPT SINDANGJAYA,LAKI LAKI,50,ORANG,2018
170,32,JAWA BARAT,3273,KOTA BANDUNG,3273142,MANDALAJATI,32.73.30,MANDALAJATI,UPT SINDANGJAYA,PEREMPUAN,45,ORANG,2018
171,32,JAWA BARAT,3273,KOTA BANDUNG,3273240,SUKAJADI,32.73.07,SUKAJADI,UPT SUKAJADI,LAKI LAKI,51,ORANG,2018
172,32,JAWA BARAT,3273,KOTA BANDUNG,3273240,SUKAJADI,32.73.07,SUKAJADI,UPT SUKAJADI,PEREMPUAN,44,ORANG,2018
173,32,JAWA BARAT,3273,KOTA BANDUNG,3273250,SUKASARI,32.73.01,SUKASARI,UPT SUKARASA,LAKI LAKI,53,ORANG,2018
174,32,JAWA BARAT,3273,KOTA BANDUNG,3273250,SUKASARI,32.73.01,SUKASARI,UPT SUKARASA,PEREMPUAN,34,ORANG,2018
175,32,JAWA BARAT,3273,KOTA BANDUNG,3273070,LENGKONG,32.73.13,LENGKONG,UPT TALAGABODAS,LAKI LAKI,52,ORANG,2018
176,32,JAWA BARAT,3273,KOTA BANDUNG,3273070,LENGKONG,32.73.13,LENGKONG,UPT TALAGABODAS,PEREMPUAN,38,ORANG,2018
177,32,JAWA BARAT,3273,KOTA BANDUNG,3273170,SUMUR BANDUNG,32.73.19,SUMUR BANDUNG,UPT TAMBLONG,LAKI LAKI,24,ORANG,2018
178,32,JAWA BARAT,3273,KOTA BANDUNG,3273170,SUMUR BANDUNG,32.73.19,SUMUR BANDUNG,UPT TAMBLONG,PEREMPUAN,17,ORANG,2018
179,32,JAWA BARAT,3273,KOTA BANDUNG,3273120,UJUNG BERUNG,32.73.26,UJUNGBERUNG,UPT UJUNGBERUNG INDAH,LAKI LAKI,31,ORANG,2018
180,32,JAWA BARAT,3273,KOTA BANDUNG,3273120,UJUNG BERUNG,32.73.26,UJUNGBERUNG,UPT UJUNGBERUNG INDAH,PEREMPUAN,50,ORANG,2018
181,32,JAWA BARAT,3273,KOTA BANDUNG,3273160,BATUNUNGGAL,32.73.12,BATUNUNGGAL,UPT AHMAD YANI,LAKI LAKI,13,ORANG,2019
182,32,JAWA BARAT,3273,KOTA BANDUNG,3273160,BATUNUNGGAL,32.73.12,BATUNUNGGAL,UPT AHMAD YANI,PEREMPUAN,18,ORANG,2019
183,32,JAWA BARAT,3273,KOTA BANDUNG,3273141,ANTAPANI,32.73.20,ANTAPANI,UPT ANTAPANI,LAKI LAKI,32,ORANG,2019
184,32,JAWA BARAT,3273,KOTA BANDUNG,3273141,ANTAPANI,32.73.20,ANTAPANI,UPT ANTAPANI,PEREMPUAN,32,ORANG,2019
185,32,JAWA BARAT,3273,KOTA BANDUNG,3273130,ARCAMANIK,32.73.24,ARCAMANIK,UPT ARCAMANIK,LAKI LAKI,56,ORANG,2019
186,32,JAWA BARAT,3273,KOTA BANDUNG,3273130,ARCAMANIK,32.73.24,ARCAMANIK,UPT ARCAMANIK,PEREMPUAN,51,ORANG,2019
187,32,JAWA BARAT,3273,KOTA BANDUNG,3273050,ASTANAANYAR,32.73.10,ASTANA ANYAR,UPT ASTANAANYAR,LAKI LAKI,10,ORANG,2019
188,32,JAWA BARAT,3273,KOTA BANDUNG,3273050,ASTANAANYAR,32.73.10,ASTANA ANYAR,UPT ASTANAANYAR,PEREMPUAN,11,ORANG,2019
189,32,JAWA BARAT,3273,KOTA BANDUNG,3273150,KIARACONDONG,32.73.16,KIARACONDONG,UPT BABAKAN SURABAYA,LAKI LAKI,32,ORANG,2019
190,32,JAWA BARAT,3273,KOTA BANDUNG,3273150,KIARACONDONG,32.73.16,KIARACONDONG,UPT BABAKAN SURABAYA,PEREMPUAN,28,ORANG,2019
191,32,JAWA BARAT,3273,KOTA BANDUNG,3273030,BOJONGLOA KALER,32.73.04,BOJONGLOA KALER,UPT BABAKAN TAROGONG,LAKI LAKI,16,ORANG,2019
192,32,JAWA BARAT,3273,KOTA BANDUNG,3273030,BOJONGLOA KALER,32.73.04,BOJONGLOA KALER,UPT BABAKAN TAROGONG,PEREMPUAN,10,ORANG,2019
193,32,JAWA BARAT,3273,KOTA BANDUNG,3273150,KIARACONDONG,32.73.16,KIARACONDONG,UPT BABAKANSARI,LAKI LAKI,116,ORANG,2019
194,32,JAWA BARAT,3273,KOTA BANDUNG,3273150,KIARACONDONG,32.73.16,KIARACONDONG,UPT BABAKANSARI,PEREMPUAN,132,ORANG,2019
195,32,JAWA BARAT,3273,KOTA BANDUNG,3273180,ANDIR,32.73.05,ANDIR,UPT BABATAN,LAKI LAKI,12,ORANG,2019
196,32,JAWA BARAT,3273,KOTA BANDUNG,3273180,ANDIR,32.73.05,ANDIR,UPT BABATAN,PEREMPUAN,10,ORANG,2019
197,32,JAWA BARAT,3273,KOTA BANDUNG,3273170,SUMUR BANDUNG,32.73.19,SUMUR BANDUNG,UPT BALAIKOTA,LAKI LAKI,5,ORANG,2019
198,32,JAWA BARAT,3273,KOTA BANDUNG,3273170,SUMUR BANDUNG,32.73.19,SUMUR BANDUNG,UPT BALAIKOTA,PEREMPUAN,10,ORANG,2019
199,32,JAWA BARAT,3273,KOTA BANDUNG,3273020,BABAKAN CIPARAY,32.73.03,BABAKAN CIPARAY,UPT CARINGIN,LAKI LAKI,23,ORANG,2019
200,32,JAWA BARAT,3273,KOTA BANDUNG,3273020,BABAKAN CIPARAY,32.73.03,BABAKAN CIPARAY,UPT CARINGIN,PEREMPUAN,22,ORANG,2019
201,32,JAWA BARAT,3273,KOTA BANDUNG,3273101,GEDEBAGE,32.73.27,GEDEBAGE,UPT CEMPAKA ARUM,LAKI LAKI,15,ORANG,2019
202,32,JAWA BARAT,3273,KOTA BANDUNG,3273101,GEDEBAGE,32.73.27,GEDEBAGE,UPT CEMPAKA ARUM,PEREMPUAN,19,ORANG,2019
203,32,JAWA BARAT,3273,KOTA BANDUNG,3273030,BOJONGLOA KALER,32.73.04,BOJONGLOA KALER,UPT CETARIP,LAKI LAKI,46,ORANG,2019
204,32,JAWA BARAT,3273,KOTA BANDUNG,3273030,BOJONGLOA KALER,32.73.04,BOJONGLOA KALER,UPT CETARIP,PEREMPUAN,43,ORANG,2019
205,32,JAWA BARAT,3273,KOTA BANDUNG,3273040,BOJONGLOA KIDUL,32.73.17,BOJONGLOA KIDUL,UPT CIBADUYUT KIDUL,LAKI LAKI,2,ORANG,2019
206,32,JAWA BARAT,3273,KOTA BANDUNG,3273040,BOJONGLOA KIDUL,32.73.17,BOJONGLOA KIDUL,UPT CIBADUYUT KIDUL,PEREMPUAN,3,ORANG,2019
207,32,JAWA BARAT,3273,KOTA BANDUNG,3273040,BOJONGLOA KIDUL,32.73.17,BOJONGLOA KIDUL,UPT CIBADUYUT WETAN,LAKI LAKI,6,ORANG,2019
208,32,JAWA BARAT,3273,KOTA BANDUNG,3273040,BOJONGLOA KIDUL,32.73.17,BOJONGLOA KIDUL,UPT CIBADUYUT WETAN,PEREMPUAN,9,ORANG,2019
209,32,JAWA BARAT,3273,KOTA BANDUNG,3273110,CIBIRU,32.73.25,CIBIRU,UPT CIBIRU,LAKI LAKI,29,ORANG,2019
210,32,JAWA BARAT,3273,KOTA BANDUNG,3273110,CIBIRU,32.73.25,CIBIRU,UPT CIBIRU,PEREMPUAN,11,ORANG,2019
211,32,JAWA BARAT,3273,KOTA BANDUNG,3273020,BABAKAN CIPARAY,32.73.03,BABAKAN CIPARAY,UPT CIBOLERANG,LAKI LAKI,16,ORANG,2019
212,32,JAWA BARAT,3273,KOTA BANDUNG,3273020,BABAKAN CIPARAY,32.73.03,BABAKAN CIPARAY,UPT CIBOLERANG,PEREMPUAN,12,ORANG,2019
213,32,JAWA BARAT,3273,KOTA BANDUNG,3273010,BANDUNG KULON,32.73.15,BANDUNG KULON,UPT CIBUNTU,LAKI LAKI,10,ORANG,2019
214,32,JAWA BARAT,3273,KOTA BANDUNG,3273010,BANDUNG KULON,32.73.15,BANDUNG KULON,UPT CIBUNTU,PEREMPUAN,18,ORANG,2019
215,32,JAWA BARAT,3273,KOTA BANDUNG,3273220,CIBEUNYING KALER,32.73.18,CIBEUNYING KALER,UPT CIGADUNG,LAKI LAKI,40,ORANG,2019
216,32,JAWA BARAT,3273,KOTA BANDUNG,3273220,CIBEUNYING KALER,32.73.18,CIBEUNYING KALER,UPT CIGADUNG,PEREMPUAN,32,ORANG,2019
217,32,JAWA BARAT,3273,KOTA BANDUNG,3273010,BANDUNG KULON,32.73.15,BANDUNG KULON,UPT CIGONDEWAH,LAKI LAKI,14,ORANG,2019
218,32,JAWA BARAT,3273,KOTA BANDUNG,3273010,BANDUNG KULON,32.73.15,BANDUNG KULON,UPT CIGONDEWAH,PEREMPUAN,14,ORANG,2019
219,32,JAWA BARAT,3273,KOTA BANDUNG,3273070,LENGKONG,32.73.13,LENGKONG,UPT CIJAGRA BARU,LAKI LAKI,16,ORANG,2019
220,32,JAWA BARAT,3273,KOTA BANDUNG,3273070,LENGKONG,32.73.13,LENGKONG,UPT CIJAGRA BARU,PEREMPUAN,11,ORANG,2019
221,32,JAWA BARAT,3273,KOTA BANDUNG,3273070,LENGKONG,32.73.13,LENGKONG,UPT CIJAGRA LAMA,LAKI LAKI,33,ORANG,2019
222,32,JAWA BARAT,3273,KOTA BANDUNG,3273070,LENGKONG,32.73.13,LENGKONG,UPT CIJAGRA LAMA,PEREMPUAN,20,ORANG,2019
223,32,JAWA BARAT,3273,KOTA BANDUNG,3273010,BANDUNG KULON,32.73.15,BANDUNG KULON,UPT CIJERAH,LAKI LAKI,21,ORANG,2019
224,32,JAWA BARAT,3273,KOTA BANDUNG,3273010,BANDUNG KULON,32.73.15,BANDUNG KULON,UPT CIJERAH,PEREMPUAN,17,ORANG,2019
225,32,JAWA BARAT,3273,KOTA BANDUNG,3273230,COBLONG,32.73.02,COBLONG,UPT CIKUTRA LAMA,LAKI LAKI,30,ORANG,2019
226,32,JAWA BARAT,3273,KOTA BANDUNG,3273230,COBLONG,32.73.02,COBLONG,UPT CIKUTRA LAMA,PEREMPUAN,21,ORANG,2019
227,32,JAWA BARAT,3273,KOTA BANDUNG,3273110,CIBIRU,32.73.25,CIBIRU,UPT CILENGKRANG,LAKI LAKI,15,ORANG,2019
228,32,JAWA BARAT,3273,KOTA BANDUNG,3273110,CIBIRU,32.73.25,CIBIRU,UPT CILENGKRANG,PEREMPUAN,11,ORANG,2019
229,32,JAWA BARAT,3273,KOTA BANDUNG,3273121,CINAMBO,32.73.29,CINAMBO,UPT CINAMBO,LAKI LAKI,37,ORANG,2019
230,32,JAWA BARAT,3273,KOTA BANDUNG,3273121,CINAMBO,32.73.29,CINAMBO,UPT CINAMBO,PEREMPUAN,33,ORANG,2019
231,32,JAWA BARAT,3273,KOTA BANDUNG,3273110,CIBIRU,32.73.25,CIBIRU,UPT CIPADUNG,LAKI LAKI,54,ORANG,2019
232,32,JAWA BARAT,3273,KOTA BANDUNG,3273110,CIBIRU,32.73.25,CIBIRU,UPT CIPADUNG,PEREMPUAN,53,ORANG,2019
233,32,JAWA BARAT,3273,KOTA BANDUNG,3273260,CIDADAP,32.73.08,CIDADAP,UPT CIPAKU,LAKI LAKI,12,ORANG,2019
234,32,JAWA BARAT,3273,KOTA BANDUNG,3273260,CIDADAP,32.73.08,CIDADAP,UPT CIPAKU,PEREMPUAN,6,ORANG,2019
235,32,JAWA BARAT,3273,KOTA BANDUNG,3273100,RANCASARI,32.73.23,RANCASARI,UPT CIPAMOKOLAN,LAKI LAKI,46,ORANG,2019
236,32,JAWA BARAT,3273,KOTA BANDUNG,3273100,RANCASARI,32.73.23,RANCASARI,UPT CIPAMOKOLAN,PEREMPUAN,44,ORANG,2019
237,32,JAWA BARAT,3273,KOTA BANDUNG,3273260,CIDADAP,32.73.08,CIDADAP,UPT CIUMBULEUIT,LAKI LAKI,55,ORANG,2019
238,32,JAWA BARAT,3273,KOTA BANDUNG,3273260,CIDADAP,32.73.08,CIDADAP,UPT CIUMBULEUIT,PEREMPUAN,44,ORANG,2019
239,32,JAWA BARAT,3273,KOTA BANDUNG,3273230,COBLONG,32.73.02,COBLONG,UPT DAGO,LAKI LAKI,66,ORANG,2019
240,32,JAWA BARAT,3273,KOTA BANDUNG,3273230,COBLONG,32.73.02,COBLONG,UPT DAGO,PEREMPUAN,49,ORANG,2019
241,32,JAWA BARAT,3273,KOTA BANDUNG,3273100,RANCASARI,32.73.23,RANCASARI,UPT DERWATI,LAKI LAKI,31,ORANG,2019
242,32,JAWA BARAT,3273,KOTA BANDUNG,3273100,RANCASARI,32.73.23,RANCASARI,UPT DERWATI,PEREMPUAN,22,ORANG,2019
243,32,JAWA BARAT,3273,KOTA BANDUNG,3273180,ANDIR,32.73.05,ANDIR,UPT GARUDA,LAKI LAKI,25,ORANG,2019
244,32,JAWA BARAT,3273,KOTA BANDUNG,3273180,ANDIR,32.73.05,ANDIR,UPT GARUDA,PEREMPUAN,31,ORANG,2019
245,32,JAWA BARAT,3273,KOTA BANDUNG,3273142,MANDALAJATI,32.73.30,MANDALAJATI,UPT GIRIMANDE,LAKI LAKI,5,ORANG,2019
246,32,JAWA BARAT,3273,KOTA BANDUNG,3273142,MANDALAJATI,32.73.30,MANDALAJATI,UPT GIRIMANDE,PEREMPUAN,5,ORANG,2019
247,32,JAWA BARAT,3273,KOTA BANDUNG,3273141,ANTAPANI,32.73.20,ANTAPANI,UPT GRIYA ANTAPANI,LAKI LAKI,44,ORANG,2019
248,32,JAWA BARAT,3273,KOTA BANDUNG,3273141,ANTAPANI,32.73.20,ANTAPANI,UPT GRIYA ANTAPANI,PEREMPUAN,29,ORANG,2019
249,32,JAWA BARAT,3273,KOTA BANDUNG,3273160,BATUNUNGGAL,32.73.12,BATUNUNGGAL,UPT GUMURUH,LAKI LAKI,45,ORANG,2019
250,32,JAWA BARAT,3273,KOTA BANDUNG,3273160,BATUNUNGGAL,32.73.12,BATUNUNGGAL,UPT GUMURUH,PEREMPUAN,45,ORANG,2019
251,32,JAWA BARAT,3273,KOTA BANDUNG,3273160,BATUNUNGGAL,32.73.12,BATUNUNGGAL,UPT IBRAHIM ADJIE,LAKI LAKI,34,ORANG,2019
252,32,JAWA BARAT,3273,KOTA BANDUNG,3273160,BATUNUNGGAL,32.73.12,BATUNUNGGAL,UPT IBRAHIM ADJIE,PEREMPUAN,38,ORANG,2019
253,32,JAWA BARAT,3273,KOTA BANDUNG,3273141,ANTAPANI,32.73.20,ANTAPANI,UPT JAJAWAY,LAKI LAKI,42,ORANG,2019
254,32,JAWA BARAT,3273,KOTA BANDUNG,3273141,ANTAPANI,32.73.20,ANTAPANI,UPT JAJAWAY,PEREMPUAN,34,ORANG,2019
255,32,JAWA BARAT,3273,KOTA BANDUNG,3273142,MANDALAJATI,32.73.30,MANDALAJATI,UPT JATIHANDAP,LAKI LAKI,14,ORANG,2019
256,32,JAWA BARAT,3273,KOTA BANDUNG,3273142,MANDALAJATI,32.73.30,MANDALAJATI,UPT JATIHANDAP,PEREMPUAN,21,ORANG,2019
257,32,JAWA BARAT,3273,KOTA BANDUNG,3273250,SUKASARI,32.73.01,SUKASARI,UPT KARANGSETRA,LAKI LAKI,30,ORANG,2019
258,32,JAWA BARAT,3273,KOTA BANDUNG,3273250,SUKASARI,32.73.01,SUKASARI,UPT KARANGSETRA,PEREMPUAN,24,ORANG,2019
259,32,JAWA BARAT,3273,KOTA BANDUNG,3273040,BOJONGLOA KIDUL,32.73.17,BOJONGLOA KIDUL,UPT KOPO,LAKI LAKI,46,ORANG,2019
260,32,JAWA BARAT,3273,KOTA BANDUNG,3273040,BOJONGLOA KIDUL,32.73.17,BOJONGLOA KIDUL,UPT KOPO,PEREMPUAN,48,ORANG,2019
261,32,JAWA BARAT,3273,KOTA BANDUNG,3273080,BANDUNG KIDUL,32.73.21,BANDUNG KIDUL,UPT KUJANG SARI,LAKI LAKI,51,ORANG,2019
262,32,JAWA BARAT,3273,KOTA BANDUNG,3273080,BANDUNG KIDUL,32.73.21,BANDUNG KIDUL,UPT KUJANG SARI,PEREMPUAN,41,ORANG,2019
263,32,JAWA BARAT,3273,KOTA BANDUNG,3273250,SUKASARI,32.73.01,SUKASARI,UPT LEDENG,LAKI LAKI,13,ORANG,2019
264,32,JAWA BARAT,3273,KOTA BANDUNG,3273250,SUKASARI,32.73.01,SUKASARI,UPT LEDENG,PEREMPUAN,12,ORANG,2019
265,32,JAWA BARAT,3273,KOTA BANDUNG,3273050,ASTANAANYAR,32.73.10,ASTANA ANYAR,UPT LIOGENTENG,LAKI LAKI,4,ORANG,2019
266,32,JAWA BARAT,3273,KOTA BANDUNG,3273050,ASTANAANYAR,32.73.10,ASTANA ANYAR,UPT LIOGENTENG,PEREMPUAN,2,ORANG,2019
267,32,JAWA BARAT,3273,KOTA BANDUNG,3273142,MANDALAJATI,32.73.30,MANDALAJATI,UPT MANDALA MEKAR,LAKI LAKI,11,ORANG,2019
268,32,JAWA BARAT,3273,KOTA BANDUNG,3273142,MANDALAJATI,32.73.30,MANDALAJATI,UPT MANDALA MEKAR,PEREMPUAN,12,ORANG,2019
269,32,JAWA BARAT,3273,KOTA BANDUNG,3273090,BUAHBATU,32.73.22,BUAHBATU,UPT MARGAHAYU RAYA,LAKI LAKI,64,ORANG,2019
270,32,JAWA BARAT,3273,KOTA BANDUNG,3273090,BUAHBATU,32.73.22,BUAHBATU,UPT MARGAHAYU RAYA,PEREMPUAN,54,ORANG,2019
271,32,JAWA BARAT,3273,KOTA BANDUNG,3273080,BANDUNG KIDUL,32.73.21,BANDUNG KIDUL,UPT MENGGER,LAKI LAKI,5,ORANG,2019
272,32,JAWA BARAT,3273,KOTA BANDUNG,3273080,BANDUNG KIDUL,32.73.21,BANDUNG KIDUL,UPT MENGGER,PEREMPUAN,9,ORANG,2019
273,32,JAWA BARAT,3273,KOTA BANDUNG,3273060,REGOL,32.73.11,REGOL,UPT MOCH. RAMDAN,LAKI LAKI,24,ORANG,2019
274,32,JAWA BARAT,3273,KOTA BANDUNG,3273060,REGOL,32.73.11,REGOL,UPT MOCH. RAMDAN,PEREMPUAN,33,ORANG,2019
275,32,JAWA BARAT,3273,KOTA BANDUNG,3273220,CIBEUNYING KALER,32.73.18,CIBEUNYING KALER,UPT NEGLASARI,LAKI LAKI,29,ORANG,2019
276,32,JAWA BARAT,3273,KOTA BANDUNG,3273220,CIBEUNYING KALER,32.73.18,CIBEUNYING KALER,UPT NEGLASARI,PEREMPUAN,24,ORANG,2019
277,32,JAWA BARAT,3273,KOTA BANDUNG,3273210,CIBEUNYING KIDUL,32.73.14,CIBEUNYING KIDUL,UPT PADASUKA,LAKI LAKI,70,ORANG,2019
278,32,JAWA BARAT,3273,KOTA BANDUNG,3273210,CIBEUNYING KIDUL,32.73.14,CIBEUNYING KIDUL,UPT PADASUKA,PEREMPUAN,47,ORANG,2019
279,32,JAWA BARAT,3273,KOTA BANDUNG,3273050,ASTANAANYAR,32.73.10,ASTANA ANYAR,UPT PAGARSIH,LAKI LAKI,12,ORANG,2019
280,32,JAWA BARAT,3273,KOTA BANDUNG,3273050,ASTANAANYAR,32.73.10,ASTANA ANYAR,UPT PAGARSIH,PEREMPUAN,11,ORANG,2019
281,32,JAWA BARAT,3273,KOTA BANDUNG,3273030,BOJONGLOA KALER,32.73.04,BOJONGLOA KALER,UPT PAKIRARKIR,LAKI LAKI,18,ORANG,2019
282,32,JAWA BARAT,3273,KOTA BANDUNG,3273030,BOJONGLOA KALER,32.73.04,BOJONGLOA KALER,UPT PAKIRARKIR,PEREMPUAN,17,ORANG,2019
283,32,JAWA BARAT,3273,KOTA BANDUNG,3273142,MANDALAJATI,32.73.30,MANDALAJATI,UPT PAMULANG,LAKI LAKI,8,ORANG,2019
284,32,JAWA BARAT,3273,KOTA BANDUNG,3273142,MANDALAJATI,32.73.30,MANDALAJATI,UPT PAMULANG,PEREMPUAN,8,ORANG,2019
285,32,JAWA BARAT,3273,KOTA BANDUNG,3273111,PANYILEUKAN,32.73.28,PANYILEUKAN,UPT PANGHEGAR,LAKI LAKI,25,ORANG,2019
286,32,JAWA BARAT,3273,KOTA BANDUNG,3273111,PANYILEUKAN,32.73.28,PANYILEUKAN,UPT PANGHEGAR,PEREMPUAN,21,ORANG,2019
287,32,JAWA BARAT,3273,KOTA BANDUNG,3273111,PANYILEUKAN,32.73.28,PANYILEUKAN,UPT PANYILEUKAN,LAKI LAKI,17,ORANG,2019
288,32,JAWA BARAT,3273,KOTA BANDUNG,3273111,PANYILEUKAN,32.73.28,PANYILEUKAN,UPT PANYILEUKAN,PEREMPUAN,14,ORANG,2019
289,32,JAWA BARAT,3273,KOTA BANDUNG,3273080,BANDUNG KIDUL,32.73.21,BANDUNG KIDUL,UPT PASAWAHAN,LAKI LAKI,2,ORANG,2019
290,32,JAWA BARAT,3273,KOTA BANDUNG,3273080,BANDUNG KIDUL,32.73.21,BANDUNG KIDUL,UPT PASAWAHAN,PEREMPUAN,2,ORANG,2019
291,32,JAWA BARAT,3273,KOTA BANDUNG,3273120,UJUNG BERUNG,32.73.26,UJUNGBERUNG,UPT PASIRJATI,LAKI LAKI,53,ORANG,2019
292,32,JAWA BARAT,3273,KOTA BANDUNG,3273120,UJUNG BERUNG,32.73.26,UJUNGBERUNG,UPT PASIRJATI,PEREMPUAN,49,ORANG,2019
293,32,JAWA BARAT,3273,KOTA BANDUNG,3273190,CICENDO,32.73.06,CICENDO,UPT PASIRKALIKI,LAKI LAKI,50,ORANG,2019
294,32,JAWA BARAT,3273,KOTA BANDUNG,3273190,CICENDO,32.73.06,CICENDO,UPT PASIRKALIKI,PEREMPUAN,42,ORANG,2019
295,32,JAWA BARAT,3273,KOTA BANDUNG,3273210,CIBEUNYING KIDUL,32.73.14,CIBEUNYING KIDUL,UPT PASIRLAYUNG,LAKI LAKI,51,ORANG,2019
296,32,JAWA BARAT,3273,KOTA BANDUNG,3273210,CIBEUNYING KIDUL,32.73.14,CIBEUNYING KIDUL,UPT PASIRLAYUNG,PEREMPUAN,38,ORANG,2019
297,32,JAWA BARAT,3273,KOTA BANDUNG,3273060,REGOL,32.73.11,REGOL,UPT PASIRLUYU,LAKI LAKI,18,ORANG,2019
298,32,JAWA BARAT,3273,KOTA BANDUNG,3273060,REGOL,32.73.11,REGOL,UPT PASIRLUYU,PEREMPUAN,23,ORANG,2019
299,32,JAWA BARAT,3273,KOTA BANDUNG,3273060,REGOL,32.73.11,REGOL,UPT PASUNDAN,LAKI LAKI,10,ORANG,2019
300,32,JAWA BARAT,3273,KOTA BANDUNG,3273060,REGOL,32.73.11,REGOL,UPT PASUNDAN,PEREMPUAN,12,ORANG,2019
301,32,JAWA BARAT,3273,KOTA BANDUNG,3273050,ASTANAANYAR,32.73.10,ASTANA ANYAR,UPT PELINDUNG HEWAN,LAKI LAKI,22,ORANG,2019
302,32,JAWA BARAT,3273,KOTA BANDUNG,3273050,ASTANAANYAR,32.73.10,ASTANA ANYAR,UPT PELINDUNG HEWAN,PEREMPUAN,24,ORANG,2019
303,32,JAWA BARAT,3273,KOTA BANDUNG,3273230,COBLONG,32.73.02,COBLONG,UPT PUTER,LAKI LAKI,41,ORANG,2019
304,32,JAWA BARAT,3273,KOTA BANDUNG,3273230,COBLONG,32.73.02,COBLONG,UPT PUTER,PEREMPUAN,19,ORANG,2019
305,32,JAWA BARAT,3273,KOTA BANDUNG,3273101,GEDEBAGE,32.73.27,GEDEBAGE,UPT RIUNG BANDUNG,LAKI LAKI,35,ORANG,2019
306,32,JAWA BARAT,3273,KOTA BANDUNG,3273101,GEDEBAGE,32.73.27,GEDEBAGE,UPT RIUNG BANDUNG,PEREMPUAN,35,ORANG,2019
307,32,JAWA BARAT,3273,KOTA BANDUNG,3273130,ARCAMANIK,32.73.24,ARCAMANIK,UPT RUSUNAWA,LAKI LAKI,83,ORANG,2019
308,32,JAWA BARAT,3273,KOTA BANDUNG,3273130,ARCAMANIK,32.73.24,ARCAMANIK,UPT RUSUNAWA,PEREMPUAN,51,ORANG,2019
309,32,JAWA BARAT,3273,KOTA BANDUNG,3273200,BANDUNG WETAN,32.73.09,BANDUNG WETAN,UPT SALAM,LAKI LAKI,11,ORANG,2019
310,32,JAWA BARAT,3273,KOTA BANDUNG,3273200,BANDUNG WETAN,32.73.09,BANDUNG WETAN,UPT SALAM,PEREMPUAN,9,ORANG,2019
311,32,JAWA BARAT,3273,KOTA BANDUNG,3273250,SUKASARI,32.73.01,SUKASARI,UPT SARIJADI,LAKI LAKI,31,ORANG,2019
312,32,JAWA BARAT,3273,KOTA BANDUNG,3273250,SUKASARI,32.73.01,SUKASARI,UPT SARIJADI,PEREMPUAN,34,ORANG,2019
313,32,JAWA BARAT,3273,KOTA BANDUNG,3273090,BUAHBATU,32.73.22,BUAHBATU,UPT SEKEJATI,LAKI LAKI,38,ORANG,2019
314,32,JAWA BARAT,3273,KOTA BANDUNG,3273090,BUAHBATU,32.73.22,BUAHBATU,UPT SEKEJATI,PEREMPUAN,46,ORANG,2019
315,32,JAWA BARAT,3273,KOTA BANDUNG,3273230,COBLONG,32.73.02,COBLONG,UPT SEKELOA,LAKI LAKI,16,ORANG,2019
316,32,JAWA BARAT,3273,KOTA BANDUNG,3273230,COBLONG,32.73.02,COBLONG,UPT SEKELOA,PEREMPUAN,21,ORANG,2019
317,32,JAWA BARAT,3273,KOTA BANDUNG,3273142,MANDALAJATI,32.73.30,MANDALAJATI,UPT SINDANG JAYA,LAKI LAKI,31,ORANG,2019
318,32,JAWA BARAT,3273,KOTA BANDUNG,3273142,MANDALAJATI,32.73.30,MANDALAJATI,UPT SINDANG JAYA,PEREMPUAN,28,ORANG,2019
319,32,JAWA BARAT,3273,KOTA BANDUNG,3273240,SUKAJADI,32.73.07,SUKAJADI,UPT SUKAGALIH,LAKI LAKI,26,ORANG,2019
320,32,JAWA BARAT,3273,KOTA BANDUNG,3273240,SUKAJADI,32.73.07,SUKAJADI,UPT SUKAGALIH,PEREMPUAN,37,ORANG,2019
321,32,JAWA BARAT,3273,KOTA BANDUNG,3273020,BABAKAN CIPARAY,32.73.03,BABAKAN CIPARAY,UPT SUKAHAJI,LAKI LAKI,22,ORANG,2019
322,32,JAWA BARAT,3273,KOTA BANDUNG,3273020,BABAKAN CIPARAY,32.73.03,BABAKAN CIPARAY,UPT SUKAHAJI,PEREMPUAN,35,ORANG,2019
323,32,JAWA BARAT,3273,KOTA BANDUNG,3273240,SUKAJADI,32.73.07,SUKAJADI,UPT SUKAJADI,LAKI LAKI,65,ORANG,2019
324,32,JAWA BARAT,3273,KOTA BANDUNG,3273240,SUKAJADI,32.73.07,SUKAJADI,UPT SUKAJADI,PEREMPUAN,47,ORANG,2019
325,32,JAWA BARAT,3273,KOTA BANDUNG,3273190,CICENDO,32.73.06,CICENDO,UPT SUKARAJA,LAKI LAKI,8,ORANG,2019
326,32,JAWA BARAT,3273,KOTA BANDUNG,3273190,CICENDO,32.73.06,CICENDO,UPT SUKARAJA,PEREMPUAN,10,ORANG,2019
327,32,JAWA BARAT,3273,KOTA BANDUNG,3273250,SUKASARI,32.73.01,SUKASARI,UPT SUKARASA,LAKI LAKI,15,ORANG,2019
328,32,JAWA BARAT,3273,KOTA BANDUNG,3273250,SUKASARI,32.73.01,SUKASARI,UPT SUKARASA,PEREMPUAN,17,ORANG,2019
329,32,JAWA BARAT,3273,KOTA BANDUNG,3273240,SUKAJADI,32.73.07,SUKAJADI,UPT SUKAWARNA,LAKI LAKI,20,ORANG,2019
330,32,JAWA BARAT,3273,KOTA BANDUNG,3273240,SUKAJADI,32.73.07,SUKAJADI,UPT SUKAWARNA,PEREMPUAN,12,ORANG,2019
331,32,JAWA BARAT,3273,KOTA BANDUNG,3273070,LENGKONG,32.73.13,LENGKONG,UPT SURYALAYA,LAKI LAKI,5,ORANG,2019
332,32,JAWA BARAT,3273,KOTA BANDUNG,3273070,LENGKONG,32.73.13,LENGKONG,UPT SURYALAYA,PEREMPUAN,4,ORANG,2019
333,32,JAWA BARAT,3273,KOTA BANDUNG,3273070,LENGKONG,32.73.13,LENGKONG,UPT TALAGABODAS,LAKI LAKI,22,ORANG,2019
334,32,JAWA BARAT,3273,KOTA BANDUNG,3273070,LENGKONG,32.73.13,LENGKONG,UPT TALAGABODAS,PEREMPUAN,17,ORANG,2019
335,32,JAWA BARAT,3273,KOTA BANDUNG,3273200,BANDUNG WETAN,32.73.09,BANDUNG WETAN,UPT TAMANSARI,LAKI LAKI,22,ORANG,2019
336,32,JAWA BARAT,3273,KOTA BANDUNG,3273200,BANDUNG WETAN,32.73.09,BANDUNG WETAN,UPT TAMANSARI,PEREMPUAN,20,ORANG,2019
337,32,JAWA BARAT,3273,KOTA BANDUNG,3273170,SUMUR BANDUNG,32.73.19,SUMUR BANDUNG,UPT TAMBLONG,LAKI LAKI,20,ORANG,2019
338,32,JAWA BARAT,3273,KOTA BANDUNG,3273170,SUMUR BANDUNG,32.73.19,SUMUR BANDUNG,UPT TAMBLONG,PEREMPUAN,14,ORANG,2019
339,32,JAWA BARAT,3273,KOTA BANDUNG,3273120,UJUNG BERUNG,32.73.26,UJUNGBERUNG,UPT UJUNGBERUNG INDAH,LAKI LAKI,60,ORANG,2019
340,32,JAWA BARAT,3273,KOTA BANDUNG,3273120,UJUNG BERUNG,32.73.26,UJUNGBERUNG,UPT UJUNGBERUNG INDAH,PEREMPUAN,60,ORANG,2019
341,32,JAWA BARAT,3273,KOTA BANDUNG,3273160,BATUNUNGGAL,32.73.12,BATUNUNGGAL,UPT AHMAD YANI,LAKI LAKI,20,ORANG,2020
342,32,JAWA BARAT,3273,KOTA BANDUNG,3273160,BATUNUNGGAL,32.73.12,BATUNUNGGAL,UPT AHMAD YANI,PEREMPUAN,12,ORANG,2020
343,32,JAWA BARAT,3273,KOTA BANDUNG,3273141,ANTAPANI,32.73.20,ANTAPANI,UPT ANTAPANI,LAKI LAKI,18,ORANG,2020
344,32,JAWA BARAT,3273,KOTA BANDUNG,3273141,ANTAPANI,32.73.20,ANTAPANI,UPT ANTAPANI,PEREMPUAN,23,ORANG,2020
345,32,JAWA BARAT,3273,KOTA BANDUNG,3273130,ARCAMANIK,32.73.24,ARCAMANIK,UPT ARCAMANIK,LAKI LAKI,27,ORANG,2020
346,32,JAWA BARAT,3273,KOTA BANDUNG,3273130,ARCAMANIK,32.73.24,ARCAMANIK,UPT ARCAMANIK,PEREMPUAN,28,ORANG,2020
347,32,JAWA BARAT,3273,KOTA BANDUNG,3273050,ASTANAANYAR,32.73.10,ASTANA ANYAR,UPT ASTANAANYAR,LAKI LAKI,5,ORANG,2020
348,32,JAWA BARAT,3273,KOTA BANDUNG,3273050,ASTANAANYAR,32.73.10,ASTANA ANYAR,UPT ASTANAANYAR,PEREMPUAN,8,ORANG,2020
349,32,JAWA BARAT,3273,KOTA BANDUNG,3273150,KIARACONDONG,32.73.16,KIARACONDONG,UPT BABAKAN SURABAYA,LAKI LAKI,12,ORANG,2020
350,32,JAWA BARAT,3273,KOTA BANDUNG,3273150,KIARACONDONG,32.73.16,KIARACONDONG,UPT BABAKAN SURABAYA,PEREMPUAN,12,ORANG,2020
351,32,JAWA BARAT,3273,KOTA BANDUNG,3273030,BOJONGLOA KALER,32.73.04,BOJONGLOA KALER,UPT BABAKAN TAROGONG,LAKI LAKI,10,ORANG,2020
352,32,JAWA BARAT,3273,KOTA BANDUNG,3273030,BOJONGLOA KALER,32.73.04,BOJONGLOA KALER,UPT BABAKAN TAROGONG,PEREMPUAN,13,ORANG,2020
353,32,JAWA BARAT,3273,KOTA BANDUNG,3273150,KIARACONDONG,32.73.16,KIARACONDONG,UPT BABAKANSARI,LAKI LAKI,50,ORANG,2020
354,32,JAWA BARAT,3273,KOTA BANDUNG,3273150,KIARACONDONG,32.73.16,KIARACONDONG,UPT BABAKANSARI,PEREMPUAN,37,ORANG,2020
355,32,JAWA BARAT,3273,KOTA BANDUNG,3273180,ANDIR,32.73.05,ANDIR,UPT BABATAN,LAKI LAKI,14,ORANG,2020
356,32,JAWA BARAT,3273,KOTA BANDUNG,3273180,ANDIR,32.73.05,ANDIR,UPT BABATAN,PEREMPUAN,19,ORANG,2020
357,32,JAWA BARAT,3273,KOTA BANDUNG,3273170,SUMUR BANDUNG,32.73.19,SUMUR BANDUNG,UPT BALAIKOTA,LAKI LAKI,8,ORANG,2020
358,32,JAWA BARAT,3273,KOTA BANDUNG,3273170,SUMUR BANDUNG,32.73.19,SUMUR BANDUNG,UPT BALAIKOTA,PEREMPUAN,10,ORANG,2020
359,32,JAWA BARAT,3273,KOTA BANDUNG,3273020,BABAKAN CIPARAY,32.73.03,BABAKAN CIPARAY,UPT CARINGIN,LAKI LAKI,26,ORANG,2020
360,32,JAWA BARAT,3273,KOTA BANDUNG,3273020,BABAKAN CIPARAY,32.73.03,BABAKAN CIPARAY,UPT CARINGIN,PEREMPUAN,14,ORANG,2020
361,32,JAWA BARAT,3273,KOTA BANDUNG,3273101,GEDEBAGE,32.73.27,GEDEBAGE,UPT CEMPAKA ARUM,LAKI LAKI,10,ORANG,2020
362,32,JAWA BARAT,3273,KOTA BANDUNG,3273101,GEDEBAGE,32.73.27,GEDEBAGE,UPT CEMPAKA ARUM,PEREMPUAN,13,ORANG,2020
363,32,JAWA BARAT,3273,KOTA BANDUNG,3273030,BOJONGLOA KALER,32.73.04,BOJONGLOA KALER,UPT CETARIP,LAKI LAKI,28,ORANG,2020
364,32,JAWA BARAT,3273,KOTA BANDUNG,3273030,BOJONGLOA KALER,32.73.04,BOJONGLOA KALER,UPT CETARIP,PEREMPUAN,26,ORANG,2020
365,32,JAWA BARAT,3273,KOTA BANDUNG,3273040,BOJONGLOA KIDUL,32.73.17,BOJONGLOA KIDUL,UPT CIBADUYUT KIDUL,LAKI LAKI,1,ORANG,2020
366,32,JAWA BARAT,3273,KOTA BANDUNG,3273040,BOJONGLOA KIDUL,32.73.17,BOJONGLOA KIDUL,UPT CIBADUYUT KIDUL,PEREMPUAN,2,ORANG,2020
367,32,JAWA BARAT,3273,KOTA BANDUNG,3273040,BOJONGLOA KIDUL,32.73.17,BOJONGLOA KIDUL,UPT CIBADUYUT WETAN,LAKI LAKI,1,ORANG,2020
368,32,JAWA BARAT,3273,KOTA BANDUNG,3273040,BOJONGLOA KIDUL,32.73.17,BOJONGLOA KIDUL,UPT CIBADUYUT WETAN,PEREMPUAN,5,ORANG,2020
369,32,JAWA BARAT,3273,KOTA BANDUNG,3273110,CIBIRU,32.73.25,CIBIRU,UPT CIBIRU,LAKI LAKI,11,ORANG,2020
370,32,JAWA BARAT,3273,KOTA BANDUNG,3273110,CIBIRU,32.73.25,CIBIRU,UPT CIBIRU,PEREMPUAN,7,ORANG,2020
371,32,JAWA BARAT,3273,KOTA BANDUNG,3273020,BABAKAN CIPARAY,32.73.03,BABAKAN CIPARAY,UPT CIBOLERANG,LAKI LAKI,9,ORANG,2020
372,32,JAWA BARAT,3273,KOTA BANDUNG,3273020,BABAKAN CIPARAY,32.73.03,BABAKAN CIPARAY,UPT CIBOLERANG,PEREMPUAN,5,ORANG,2020
373,32,JAWA BARAT,3273,KOTA BANDUNG,3273010,BANDUNG KULON,32.73.15,BANDUNG KULON,UPT CIBUNTU,LAKI LAKI,14,ORANG,2020
374,32,JAWA BARAT,3273,KOTA BANDUNG,3273010,BANDUNG KULON,32.73.15,BANDUNG KULON,UPT CIBUNTU,PEREMPUAN,8,ORANG,2020
375,32,JAWA BARAT,3273,KOTA BANDUNG,3273220,CIBEUNYING KALER,32.73.18,CIBEUNYING KALER,UPT CIGADUNG,LAKI LAKI,14,ORANG,2020
376,32,JAWA BARAT,3273,KOTA BANDUNG,3273220,CIBEUNYING KALER,32.73.18,CIBEUNYING KALER,UPT CIGADUNG,PEREMPUAN,16,ORANG,2020
377,32,JAWA BARAT,3273,KOTA BANDUNG,3273010,BANDUNG KULON,32.73.15,BANDUNG KULON,UPT CIGONDEWAH,LAKI LAKI,7,ORANG,2020
378,32,JAWA BARAT,3273,KOTA BANDUNG,3273010,BANDUNG KULON,32.73.15,BANDUNG KULON,UPT CIGONDEWAH,PEREMPUAN,6,ORANG,2020
379,32,JAWA BARAT,3273,KOTA BANDUNG,3273070,LENGKONG,32.73.13,LENGKONG,UPT CIJAGRA BARU,LAKI LAKI,7,ORANG,2020
380,32,JAWA BARAT,3273,KOTA BANDUNG,3273070,LENGKONG,32.73.13,LENGKONG,UPT CIJAGRA BARU,PEREMPUAN,6,ORANG,2020
381,32,JAWA BARAT,3273,KOTA BANDUNG,3273070,LENGKONG,32.73.13,LENGKONG,UPT CIJAGRA LAMA,LAKI LAKI,26,ORANG,2020
382,32,JAWA BARAT,3273,KOTA BANDUNG,3273070,LENGKONG,32.73.13,LENGKONG,UPT CIJAGRA LAMA,PEREMPUAN,22,ORANG,2020
383,32,JAWA BARAT,3273,KOTA BANDUNG,3273010,BANDUNG KULON,32.73.15,BANDUNG KULON,UPT CIJERAH,LAKI LAKI,13,ORANG,2020
384,32,JAWA BARAT,3273,KOTA BANDUNG,3273010,BANDUNG KULON,32.73.15,BANDUNG KULON,UPT CIJERAH,PEREMPUAN,16,ORANG,2020
385,32,JAWA BARAT,3273,KOTA BANDUNG,3273230,COBLONG,32.73.02,COBLONG,UPT CIKUTRA LAMA,LAKI LAKI,30,ORANG,2020
386,32,JAWA BARAT,3273,KOTA BANDUNG,3273230,COBLONG,32.73.02,COBLONG,UPT CIKUTRA LAMA,PEREMPUAN,18,ORANG,2020
387,32,JAWA BARAT,3273,KOTA BANDUNG,3273110,CIBIRU,32.73.25,CIBIRU,UPT CILENGKRANG,LAKI LAKI,4,ORANG,2020
388,32,JAWA BARAT,3273,KOTA BANDUNG,3273110,CIBIRU,32.73.25,CIBIRU,UPT CILENGKRANG,PEREMPUAN,4,ORANG,2020
389,32,JAWA BARAT,3273,KOTA BANDUNG,3273121,CINAMBO,32.73.29,CINAMBO,UPT CINAMBO,LAKI LAKI,18,ORANG,2020
390,32,JAWA BARAT,3273,KOTA BANDUNG,3273121,CINAMBO,32.73.29,CINAMBO,UPT CINAMBO,PEREMPUAN,18,ORANG,2020
391,32,JAWA BARAT,3273,KOTA BANDUNG,3273110,CIBIRU,32.73.25,CIBIRU,UPT CIPADUNG,LAKI LAKI,21,ORANG,2020
392,32,JAWA BARAT,3273,KOTA BANDUNG,3273110,CIBIRU,32.73.25,CIBIRU,UPT CIPADUNG,PEREMPUAN,25,ORANG,2020
393,32,JAWA BARAT,3273,KOTA BANDUNG,3273260,CIDADAP,32.73.08,CIDADAP,UPT CIPAKU,LAKI LAKI,8,ORANG,2020
394,32,JAWA BARAT,3273,KOTA BANDUNG,3273260,CIDADAP,32.73.08,CIDADAP,UPT CIPAKU,PEREMPUAN,3,ORANG,2020
395,32,JAWA BARAT,3273,KOTA BANDUNG,3273100,RANCASARI,32.73.23,RANCASARI,UPT CIPAMOKOLAN,LAKI LAKI,56,ORANG,2020
396,32,JAWA BARAT,3273,KOTA BANDUNG,3273100,RANCASARI,32.73.23,RANCASARI,UPT CIPAMOKOLAN,PEREMPUAN,43,ORANG,2020
397,32,JAWA BARAT,3273,KOTA BANDUNG,3273260,CIDADAP,32.73.08,CIDADAP,UPT CIUMBULEUIT,LAKI LAKI,26,ORANG,2020
398,32,JAWA BARAT,3273,KOTA BANDUNG,3273260,CIDADAP,32.73.08,CIDADAP,UPT CIUMBULEUIT,PEREMPUAN,23,ORANG,2020
399,32,JAWA BARAT,3273,KOTA BANDUNG,3273230,COBLONG,32.73.02,COBLONG,UPT DAGO,LAKI LAKI,44,ORANG,2020
400,32,JAWA BARAT,3273,KOTA BANDUNG,3273230,COBLONG,32.73.02,COBLONG,UPT DAGO,PEREMPUAN,34,ORANG,2020
401,32,JAWA BARAT,3273,KOTA BANDUNG,3273100,RANCASARI,32.73.23,RANCASARI,UPT DERWATI,LAKI LAKI,22,ORANG,2020
402,32,JAWA BARAT,3273,KOTA BANDUNG,3273100,RANCASARI,32.73.23,RANCASARI,UPT DERWATI,PEREMPUAN,22,ORANG,2020
403,32,JAWA BARAT,3273,KOTA BANDUNG,3273180,ANDIR,32.73.05,ANDIR,UPT GARUDA,LAKI LAKI,29,ORANG,2020
404,32,JAWA BARAT,3273,KOTA BANDUNG,3273180,ANDIR,32.73.05,ANDIR,UPT GARUDA,PEREMPUAN,22,ORANG,2020
405,32,JAWA BARAT,3273,KOTA BANDUNG,3273142,MANDALAJATI,32.73.30,MANDALAJATI,UPT GIRIMANDE,LAKI LAKI,12,ORANG,2020
406,32,JAWA BARAT,3273,KOTA BANDUNG,3273142,MANDALAJATI,32.73.30,MANDALAJATI,UPT GIRIMANDE,PEREMPUAN,7,ORANG,2020
407,32,JAWA BARAT,3273,KOTA BANDUNG,3273141,ANTAPANI,32.73.20,ANTAPANI,UPT GRIYA ANTAPANI,LAKI LAKI,15,ORANG,2020
408,32,JAWA BARAT,3273,KOTA BANDUNG,3273141,ANTAPANI,32.73.20,ANTAPANI,UPT GRIYA ANTAPANI,PEREMPUAN,18,ORANG,2020
409,32,JAWA BARAT,3273,KOTA BANDUNG,3273160,BATUNUNGGAL,32.73.12,BATUNUNGGAL,UPT GUMURUH,LAKI LAKI,35,ORANG,2020
410,32,JAWA BARAT,3273,KOTA BANDUNG,3273160,BATUNUNGGAL,32.73.12,BATUNUNGGAL,UPT GUMURUH,PEREMPUAN,21,ORANG,2020
411,32,JAWA BARAT,3273,KOTA BANDUNG,3273160,BATUNUNGGAL,32.73.12,BATUNUNGGAL,UPT IBRAHIM ADJIE,LAKI LAKI,27,ORANG,2020
412,32,JAWA BARAT,3273,KOTA BANDUNG,3273160,BATUNUNGGAL,32.73.12,BATUNUNGGAL,UPT IBRAHIM ADJIE,PEREMPUAN,16,ORANG,2020
413,32,JAWA BARAT,3273,KOTA BANDUNG,3273141,ANTAPANI,32.73.20,ANTAPANI,UPT JAJAWAY,LAKI LAKI,18,ORANG,2020
414,32,JAWA BARAT,3273,KOTA BANDUNG,3273141,ANTAPANI,32.73.20,ANTAPANI,UPT JAJAWAY,PEREMPUAN,28,ORANG,2020
415,32,JAWA BARAT,3273,KOTA BANDUNG,3273142,MANDALAJATI,32.73.30,MANDALAJATI,UPT JATIHANDAP,LAKI LAKI,6,ORANG,2020
416,32,JAWA BARAT,3273,KOTA BANDUNG,3273142,MANDALAJATI,32.73.30,MANDALAJATI,UPT JATIHANDAP,PEREMPUAN,1,ORANG,2020
417,32,JAWA BARAT,3273,KOTA BANDUNG,3273250,SUKASARI,32.73.01,SUKASARI,UPT KARANGSETRA,LAKI LAKI,18,ORANG,2020
418,32,JAWA BARAT,3273,KOTA BANDUNG,3273250,SUKASARI,32.73.01,SUKASARI,UPT KARANGSETRA,PEREMPUAN,17,ORANG,2020
419,32,JAWA BARAT,3273,KOTA BANDUNG,3273040,BOJONGLOA KIDUL,32.73.17,BOJONGLOA KIDUL,UPT KOPO,LAKI LAKI,26,ORANG,2020
420,32,JAWA BARAT,3273,KOTA BANDUNG,3273040,BOJONGLOA KIDUL,32.73.17,BOJONGLOA KIDUL,UPT KOPO,PEREMPUAN,15,ORANG,2020
421,32,JAWA BARAT,3273,KOTA BANDUNG,3273080,BANDUNG KIDUL,32.73.21,BANDUNG KIDUL,UPT KUJANG SARI,LAKI LAKI,30,ORANG,2020
422,32,JAWA BARAT,3273,KOTA BANDUNG,3273080,BANDUNG KIDUL,32.73.21,BANDUNG KIDUL,UPT KUJANG SARI,PEREMPUAN,25,ORANG,2020
423,32,JAWA BARAT,3273,KOTA BANDUNG,3273250,SUKASARI,32.73.01,SUKASARI,UPT LEDENG,LAKI LAKI,5,ORANG,2020
424,32,JAWA BARAT,3273,KOTA BANDUNG,3273250,SUKASARI,32.73.01,SUKASARI,UPT LEDENG,PEREMPUAN,7,ORANG,2020
425,32,JAWA BARAT,3273,KOTA BANDUNG,3273050,ASTANAANYAR,32.73.10,ASTANA ANYAR,UPT LIOGENTENG,LAKI LAKI,5,ORANG,2020
426,32,JAWA BARAT,3273,KOTA BANDUNG,3273050,ASTANAANYAR,32.73.10,ASTANA ANYAR,UPT LIOGENTENG,PEREMPUAN,1,ORANG,2020
427,32,JAWA BARAT,3273,KOTA BANDUNG,3273142,MANDALAJATI,32.73.30,MANDALAJATI,UPT MANDALA MEKAR,LAKI LAKI,10,ORANG,2020
428,32,JAWA BARAT,3273,KOTA BANDUNG,3273142,MANDALAJATI,32.73.30,MANDALAJATI,UPT MANDALA MEKAR,PEREMPUAN,8,ORANG,2020
429,32,JAWA BARAT,3273,KOTA BANDUNG,3273090,BUAHBATU,32.73.22,BUAHBATU,UPT MARGAHAYU RAYA,LAKI LAKI,57,ORANG,2020
430,32,JAWA BARAT,3273,KOTA BANDUNG,3273090,BUAHBATU,32.73.22,BUAHBATU,UPT MARGAHAYU RAYA,PEREMPUAN,58,ORANG,2020
431,32,JAWA BARAT,3273,KOTA BANDUNG,3273080,BANDUNG KIDUL,32.73.21,BANDUNG KIDUL,UPT MENGGER,LAKI LAKI,5,ORANG,2020
432,32,JAWA BARAT,3273,KOTA BANDUNG,3273080,BANDUNG KIDUL,32.73.21,BANDUNG KIDUL,UPT MENGGER,PEREMPUAN,4,ORANG,2020
433,32,JAWA BARAT,3273,KOTA BANDUNG,3273060,REGOL,32.73.11,REGOL,UPT MOCH. RAMDAN,LAKI LAKI,17,ORANG,2020
434,32,JAWA BARAT,3273,KOTA BANDUNG,3273060,REGOL,32.73.11,REGOL,UPT MOCH. RAMDAN,PEREMPUAN,7,ORANG,2020
435,32,JAWA BARAT,3273,KOTA BANDUNG,3273220,CIBEUNYING KALER,32.73.18,CIBEUNYING KALER,UPT NEGLASARI,LAKI LAKI,30,ORANG,2020
436,32,JAWA BARAT,3273,KOTA BANDUNG,3273220,CIBEUNYING KALER,32.73.18,CIBEUNYING KALER,UPT NEGLASARI,PEREMPUAN,25,ORANG,2020
437,32,JAWA BARAT,3273,KOTA BANDUNG,3273210,CIBEUNYING KIDUL,32.73.14,CIBEUNYING KIDUL,UPT PADASUKA,LAKI LAKI,29,ORANG,2020
438,32,JAWA BARAT,3273,KOTA BANDUNG,3273210,CIBEUNYING KIDUL,32.73.14,CIBEUNYING KIDUL,UPT PADASUKA,PEREMPUAN,25,ORANG,2020
439,32,JAWA BARAT,3273,KOTA BANDUNG,3273050,ASTANAANYAR,32.73.10,ASTANA ANYAR,UPT PAGARSIH,LAKI LAKI,24,ORANG,2020
440,32,JAWA BARAT,3273,KOTA BANDUNG,3273050,ASTANAANYAR,32.73.10,ASTANA ANYAR,UPT PAGARSIH,PEREMPUAN,10,ORANG,2020
441,32,JAWA BARAT,3273,KOTA BANDUNG,3273142,MANDALAJATI,32.73.30,MANDALAJATI,UPT PAMULANG,LAKI LAKI,5,ORANG,2020
442,32,JAWA BARAT,3273,KOTA BANDUNG,3273142,MANDALAJATI,32.73.30,MANDALAJATI,UPT PAMULANG,PEREMPUAN,3,ORANG,2020
443,32,JAWA BARAT,3273,KOTA BANDUNG,3273111,PANYILEUKAN,32.73.28,PANYILEUKAN,UPT PANGHEGAR,LAKI LAKI,34,ORANG,2020
444,32,JAWA BARAT,3273,KOTA BANDUNG,3273111,PANYILEUKAN,32.73.28,PANYILEUKAN,UPT PANGHEGAR,PEREMPUAN,24,ORANG,2020
445,32,JAWA BARAT,3273,KOTA BANDUNG,3273111,PANYILEUKAN,32.73.28,PANYILEUKAN,UPT PANYILEUKAN,LAKI LAKI,9,ORANG,2020
446,32,JAWA BARAT,3273,KOTA BANDUNG,3273111,PANYILEUKAN,32.73.28,PANYILEUKAN,UPT PANYILEUKAN,PEREMPUAN,10,ORANG,2020
447,32,JAWA BARAT,3273,KOTA BANDUNG,3273080,BANDUNG KIDUL,32.73.21,BANDUNG KIDUL,UPT PASAWAHAN,LAKI LAKI,0,ORANG,2020
448,32,JAWA BARAT,3273,KOTA BANDUNG,3273080,BANDUNG KIDUL,32.73.21,BANDUNG KIDUL,UPT PASAWAHAN,PEREMPUAN,1,ORANG,2020
449,32,JAWA BARAT,3273,KOTA BANDUNG,3273120,UJUNG BERUNG,32.73.26,UJUNGBERUNG,UPT PASIRJATI,LAKI LAKI,28,ORANG,2020
450,32,JAWA BARAT,3273,KOTA BANDUNG,3273120,UJUNG BERUNG,32.73.26,UJUNGBERUNG,UPT PASIRJATI,PEREMPUAN,27,ORANG,2020
451,32,JAWA BARAT,3273,KOTA BANDUNG,3273190,CICENDO,32.73.06,CICENDO,UPT PASIRKALIKI,LAKI LAKI,40,ORANG,2020
452,32,JAWA BARAT,3273,KOTA BANDUNG,3273190,CICENDO,32.73.06,CICENDO,UPT PASIRKALIKI,PEREMPUAN,27,ORANG,2020
453,32,JAWA BARAT,3273,KOTA BANDUNG,3273210,CIBEUNYING KIDUL,32.73.14,CIBEUNYING KIDUL,UPT PASIRLAYUNG,LAKI LAKI,23,ORANG,2020
454,32,JAWA BARAT,3273,KOTA BANDUNG,3273210,CIBEUNYING KIDUL,32.73.14,CIBEUNYING KIDUL,UPT PASIRLAYUNG,PEREMPUAN,13,ORANG,2020
455,32,JAWA BARAT,3273,KOTA BANDUNG,3273060,REGOL,32.73.11,REGOL,UPT PASIRLUYU,LAKI LAKI,12,ORANG,2020
456,32,JAWA BARAT,3273,KOTA BANDUNG,3273060,REGOL,32.73.11,REGOL,UPT PASIRLUYU,PEREMPUAN,15,ORANG,2020
457,32,JAWA BARAT,3273,KOTA BANDUNG,3273060,REGOL,32.73.11,REGOL,UPT PASUNDAN,LAKI LAKI,7,ORANG,2020
458,32,JAWA BARAT,3273,KOTA BANDUNG,3273060,REGOL,32.73.11,REGOL,UPT PASUNDAN,PEREMPUAN,9,ORANG,2020
459,32,JAWA BARAT,3273,KOTA BANDUNG,3273050,ASTANAANYAR,32.73.10,ASTANA ANYAR,UPT PELINDUNG HEWAN,LAKI LAKI,6,ORANG,2020
460,32,JAWA BARAT,3273,KOTA BANDUNG,3273050,ASTANAANYAR,32.73.10,ASTANA ANYAR,UPT PELINDUNG HEWAN,PEREMPUAN,7,ORANG,2020
461,32,JAWA BARAT,3273,KOTA BANDUNG,3273230,COBLONG,32.73.02,COBLONG,UPT PUTER,LAKI LAKI,19,ORANG,2020
462,32,JAWA BARAT,3273,KOTA BANDUNG,3273230,COBLONG,32.73.02,COBLONG,UPT PUTER,PEREMPUAN,19,ORANG,2020
463,32,JAWA BARAT,3273,KOTA BANDUNG,3273101,GEDEBAGE,32.73.27,GEDEBAGE,UPT RIUNG BANDUNG,LAKI LAKI,22,ORANG,2020
464,32,JAWA BARAT,3273,KOTA BANDUNG,3273101,GEDEBAGE,32.73.27,GEDEBAGE,UPT RIUNG BANDUNG,PEREMPUAN,19,ORANG,2020
465,32,JAWA BARAT,3273,KOTA BANDUNG,3273130,ARCAMANIK,32.73.24,ARCAMANIK,UPT RUSUNAWA,LAKI LAKI,44,ORANG,2020
466,32,JAWA BARAT,3273,KOTA BANDUNG,3273130,ARCAMANIK,32.73.24,ARCAMANIK,UPT RUSUNAWA,PEREMPUAN,40,ORANG,2020
467,32,JAWA BARAT,3273,KOTA BANDUNG,3273200,BANDUNG WETAN,32.73.09,BANDUNG WETAN,UPT SALAM,LAKI LAKI,11,ORANG,2020
468,32,JAWA BARAT,3273,KOTA BANDUNG,3273200,BANDUNG WETAN,32.73.09,BANDUNG WETAN,UPT SALAM,PEREMPUAN,10,ORANG,2020
469,32,JAWA BARAT,3273,KOTA BANDUNG,3273250,SUKASARI,32.73.01,SUKASARI,UPT SARIJADI,LAKI LAKI,24,ORANG,2020
470,32,JAWA BARAT,3273,KOTA BANDUNG,3273250,SUKASARI,32.73.01,SUKASARI,UPT SARIJADI,PEREMPUAN,20,ORANG,2020
471,32,JAWA BARAT,3273,KOTA BANDUNG,3273090,BUAHBATU,32.73.22,BUAHBATU,UPT SEKEJATI,LAKI LAKI,27,ORANG,2020
472,32,JAWA BARAT,3273,KOTA BANDUNG,3273090,BUAHBATU,32.73.22,BUAHBATU,UPT SEKEJATI,PEREMPUAN,38,ORANG,2020
473,32,JAWA BARAT,3273,KOTA BANDUNG,3273230,COBLONG,32.73.02,COBLONG,UPT SEKELOA,LAKI LAKI,14,ORANG,2020
474,32,JAWA BARAT,3273,KOTA BANDUNG,3273230,COBLONG,32.73.02,COBLONG,UPT SEKELOA,PEREMPUAN,11,ORANG,2020
475,32,JAWA BARAT,3273,KOTA BANDUNG,3273142,MANDALAJATI,32.73.30,MANDALAJATI,UPT SINDANG JAYA,LAKI LAKI,23,ORANG,2020
476,32,JAWA BARAT,3273,KOTA BANDUNG,3273142,MANDALAJATI,32.73.30,MANDALAJATI,UPT SINDANG JAYA,PEREMPUAN,12,ORANG,2020
477,32,JAWA BARAT,3273,KOTA BANDUNG,3273240,SUKAJADI,32.73.07,SUKAJADI,UPT SUKAGALIH,LAKI LAKI,11,ORANG,2020
478,32,JAWA BARAT,3273,KOTA BANDUNG,3273240,SUKAJADI,32.73.07,SUKAJADI,UPT SUKAGALIH,PEREMPUAN,11,ORANG,2020
479,32,JAWA BARAT,3273,KOTA BANDUNG,3273020,BABAKAN CIPARAY,32.73.03,BABAKAN CIPARAY,UPT SUKAHAJI,LAKI LAKI,18,ORANG,2020
480,32,JAWA BARAT,3273,KOTA BANDUNG,3273020,BABAKAN CIPARAY,32.73.03,BABAKAN CIPARAY,UPT SUKAHAJI,PEREMPUAN,18,ORANG,2020
481,32,JAWA BARAT,3273,KOTA BANDUNG,3273240,SUKAJADI,32.73.07,SUKAJADI,UPT SUKAJADI,LAKI LAKI,36,ORANG,2020
482,32,JAWA BARAT,3273,KOTA BANDUNG,3273240,SUKAJADI,32.73.07,SUKAJADI,UPT SUKAJADI,PEREMPUAN,33,ORANG,2020
483,32,JAWA BARAT,3273,KOTA BANDUNG,3273030,BOJONGLOA KALER,32.73.04,BOJONGLOA KALER,UPT SUKAPARKIR,LAKI LAKI,5,ORANG,2020
484,32,JAWA BARAT,3273,KOTA BANDUNG,3273030,BOJONGLOA KALER,32.73.04,BOJONGLOA KALER,UPT SUKAPARKIR,PEREMPUAN,11,ORANG,2020
485,32,JAWA BARAT,3273,KOTA BANDUNG,3273190,CICENDO,32.73.06,CICENDO,UPT SUKARAJA,LAKI LAKI,4,ORANG,2020
486,32,JAWA BARAT,3273,KOTA BANDUNG,3273190,CICENDO,32.73.06,CICENDO,UPT SUKARAJA,PEREMPUAN,11,ORANG,2020
487,32,JAWA BARAT,3273,KOTA BANDUNG,3273250,SUKASARI,32.73.01,SUKASARI,UPT SUKARASA,LAKI LAKI,5,ORANG,2020
488,32,JAWA BARAT,3273,KOTA BANDUNG,3273250,SUKASARI,32.73.01,SUKASARI,UPT SUKARASA,PEREMPUAN,4,ORANG,2020
489,32,JAWA BARAT,3273,KOTA BANDUNG,3273240,SUKAJADI,32.73.07,SUKAJADI,UPT SUKAWARNA,LAKI LAKI,10,ORANG,2020
490,32,JAWA BARAT,3273,KOTA BANDUNG,3273240,SUKAJADI,32.73.07,SUKAJADI,UPT SUKAWARNA,PEREMPUAN,4,ORANG,2020
491,32,JAWA BARAT,3273,KOTA BANDUNG,3273070,LENGKONG,32.73.13,LENGKONG,UPT SURYALAYA,LAKI LAKI,4,ORANG,2020
492,32,JAWA BARAT,3273,KOTA BANDUNG,3273070,LENGKONG,32.73.13,LENGKONG,UPT SURYALAYA,PEREMPUAN,3,ORANG,2020
493,32,JAWA BARAT,3273,KOTA BANDUNG,3273070,LENGKONG,32.73.13,LENGKONG,UPT TALAGABODAS,LAKI LAKI,13,ORANG,2020
494,32,JAWA BARAT,3273,KOTA BANDUNG,3273070,LENGKONG,32.73.13,LENGKONG,UPT TALAGABODAS,PEREMPUAN,16,ORANG,2020
495,32,JAWA BARAT,3273,KOTA BANDUNG,3273200,BANDUNG WETAN,32.73.09,BANDUNG WETAN,UPT TAMANSARI,LAKI LAKI,11,ORANG,2020
496,32,JAWA BARAT,3273,KOTA BANDUNG,3273200,BANDUNG WETAN,32.73.09,BANDUNG WETAN,UPT TAMANSARI,PEREMPUAN,15,ORANG,2020
497,32,JAWA BARAT,3273,KOTA BANDUNG,3273170,SUMUR BANDUNG,32.73.19,SUMUR BANDUNG,UPT TAMBLONG,LAKI LAKI,25,ORANG,2020
498,32,JAWA BARAT,3273,KOTA BANDUNG,3273170,SUMUR BANDUNG,32.73.19,SUMUR BANDUNG,UPT TAMBLONG,PEREMPUAN,16,ORANG,2020
499,32,JAWA BARAT,3273,KOTA BANDUNG,3273120,UJUNG BERUNG,32.73.26,UJUNGBERUNG,UPT UJUNGBERUNG INDAH,LAKI LAKI,44,ORANG,2020
500,32,JAWA BARAT,3273,KOTA BANDUNG,3273120,UJUNG BERUNG,32.73.26,UJUNGBERUNG,UPT UJUNGBERUNG INDAH,PEREMPUAN,38,ORANG,2020
501,32,JAWA BARAT,3273,KOTA BANDUNG,3273160,BATUNUNGGAL,32.73.12,BATUNUNGGAL,UPT AHMAD YANI,LAKI LAKI,8,ORANG,2021
502,32,JAWA BARAT,3273,KOTA BANDUNG,3273160,BATUNUNGGAL,32.73.12,BATUNUNGGAL,UPT AHMAD YANI,PEREMPUAN,6,ORANG,2021
503,32,JAWA BARAT,3273,KOTA BANDUNG,3273141,ANTAPANI,32.73.20,ANTAPANI,UPT ANTAPANI,LAKI LAKI,65,ORANG,2021
504,32,JAWA BARAT,3273,KOTA BANDUNG,3273141,ANTAPANI,32.73.20,ANTAPANI,UPT ANTAPANI,PEREMPUAN,48,ORANG,2021
505,32,JAWA BARAT,3273,KOTA BANDUNG,3273130,ARCAMANIK,32.73.24,ARCAMANIK,UPT ARCAMANIK,LAKI LAKI,35,ORANG,2021
506,32,JAWA BARAT,3273,KOTA BANDUNG,3273130,ARCAMANIK,32.73.24,ARCAMANIK,UPT ARCAMANIK,PEREMPUAN,28,ORANG,2021
507,32,JAWA BARAT,3273,KOTA BANDUNG,3273050,ASTANAANYAR,32.73.10,ASTANA ANYAR,UPT ASTANAANYAR,LAKI LAKI,4,ORANG,2021
508,32,JAWA BARAT,3273,KOTA BANDUNG,3273050,ASTANAANYAR,32.73.10,ASTANA ANYAR,UPT ASTANAANYAR,PEREMPUAN,11,ORANG,2021
509,32,JAWA BARAT,3273,KOTA BANDUNG,3273150,KIARACONDONG,32.73.16,KIARACONDONG,UPT BABAKAN SURABAYA,LAKI LAKI,26,ORANG,2021
510,32,JAWA BARAT,3273,KOTA BANDUNG,3273150,KIARACONDONG,32.73.16,KIARACONDONG,UPT BABAKAN SURABAYA,PEREMPUAN,25,ORANG,2021
511,32,JAWA BARAT,3273,KOTA BANDUNG,3273030,BOJONGLOA KALER,32.73.04,BOJONGLOA KALER,UPT BABAKAN TAROGONG,LAKI LAKI,30,ORANG,2021
512,32,JAWA BARAT,3273,KOTA BANDUNG,3273030,BOJONGLOA KALER,32.73.04,BOJONGLOA KALER,UPT BABAKAN TAROGONG,PEREMPUAN,34,ORANG,2021
513,32,JAWA BARAT,3273,KOTA BANDUNG,3273150,KIARACONDONG,32.73.16,KIARACONDONG,UPT BABAKANSARI,LAKI LAKI,86,ORANG,2021
514,32,JAWA BARAT,3273,KOTA BANDUNG,3273150,KIARACONDONG,32.73.16,KIARACONDONG,UPT BABAKANSARI,PEREMPUAN,65,ORANG,2021
515,32,JAWA BARAT,3273,KOTA BANDUNG,3273180,ANDIR,32.73.05,ANDIR,UPT BABATAN,LAKI LAKI,34,ORANG,2021
516,32,JAWA BARAT,3273,KOTA BANDUNG,3273180,ANDIR,32.73.05,ANDIR,UPT BABATAN,PEREMPUAN,21,ORANG,2021
517,32,JAWA BARAT,3273,KOTA BANDUNG,3273170,SUMUR BANDUNG,32.73.19,SUMUR BANDUNG,UPT BALAIKOTA,LAKI LAKI,7,ORANG,2021
518,32,JAWA BARAT,3273,KOTA BANDUNG,3273170,SUMUR BANDUNG,32.73.19,SUMUR BANDUNG,UPT BALAIKOTA,PEREMPUAN,14,ORANG,2021
519,32,JAWA BARAT,3273,KOTA BANDUNG,3273020,BABAKAN CIPARAY,32.73.03,BABAKAN CIPARAY,UPT CARINGIN,LAKI LAKI,34,ORANG,2021
520,32,JAWA BARAT,3273,KOTA BANDUNG,3273020,BABAKAN CIPARAY,32.73.03,BABAKAN CIPARAY,UPT CARINGIN,PEREMPUAN,27,ORANG,2021
521,32,JAWA BARAT,3273,KOTA BANDUNG,3273101,GEDEBAGE,32.73.27,GEDEBAGE,UPT CEMPAKA ARUM,LAKI LAKI,2,ORANG,2021
522,32,JAWA BARAT,3273,KOTA BANDUNG,3273101,GEDEBAGE,32.73.27,GEDEBAGE,UPT CEMPAKA ARUM,PEREMPUAN,7,ORANG,2021
523,32,JAWA BARAT,3273,KOTA BANDUNG,3273030,BOJONGLOA KALER,32.73.04,BOJONGLOA KALER,UPT CETARIP,LAKI LAKI,40,ORANG,2021
524,32,JAWA BARAT,3273,KOTA BANDUNG,3273030,BOJONGLOA KALER,32.73.04,BOJONGLOA KALER,UPT CETARIP,PEREMPUAN,23,ORANG,2021
525,32,JAWA BARAT,3273,KOTA BANDUNG,3273040,BOJONGLOA KIDUL,32.73.17,BOJONGLOA KIDUL,UPT CIBADUYUT KIDUL,LAKI LAKI,6,ORANG,2021
526,32,JAWA BARAT,3273,KOTA BANDUNG,3273040,BOJONGLOA KIDUL,32.73.17,BOJONGLOA KIDUL,UPT CIBADUYUT KIDUL,PEREMPUAN,10,ORANG,2021
527,32,JAWA BARAT,3273,KOTA BANDUNG,3273040,BOJONGLOA KIDUL,32.73.17,BOJONGLOA KIDUL,UPT CIBADUYUT WETAN,LAKI LAKI,6,ORANG,2021
528,32,JAWA BARAT,3273,KOTA BANDUNG,3273040,BOJONGLOA KIDUL,32.73.17,BOJONGLOA KIDUL,UPT CIBADUYUT WETAN,PEREMPUAN,5,ORANG,2021
529,32,JAWA BARAT,3273,KOTA BANDUNG,3273110,CIBIRU,32.73.25,CIBIRU,UPT CIBIRU,LAKI LAKI,10,ORANG,2021
530,32,JAWA BARAT,3273,KOTA BANDUNG,3273110,CIBIRU,32.73.25,CIBIRU,UPT CIBIRU,PEREMPUAN,7,ORANG,2021
531,32,JAWA BARAT,3273,KOTA BANDUNG,3273020,BABAKAN CIPARAY,32.73.03,BABAKAN CIPARAY,UPT CIBOLERANG,LAKI LAKI,5,ORANG,2021
532,32,JAWA BARAT,3273,KOTA BANDUNG,3273020,BABAKAN CIPARAY,32.73.03,BABAKAN CIPARAY,UPT CIBOLERANG,PEREMPUAN,7,ORANG,2021
533,32,JAWA BARAT,3273,KOTA BANDUNG,3273010,BANDUNG KULON,32.73.15,BANDUNG KULON,UPT CIBUNTU,LAKI LAKI,29,ORANG,2021
534,32,JAWA BARAT,3273,KOTA BANDUNG,3273010,BANDUNG KULON,32.73.15,BANDUNG KULON,UPT CIBUNTU,PEREMPUAN,21,ORANG,2021
535,32,JAWA BARAT,3273,KOTA BANDUNG,3273220,CIBEUNYING KALER,32.73.18,CIBEUNYING KALER,UPT CIGADUNG,LAKI LAKI,44,ORANG,2021
536,32,JAWA BARAT,3273,KOTA BANDUNG,3273220,CIBEUNYING KALER,32.73.18,CIBEUNYING KALER,UPT CIGADUNG,PEREMPUAN,41,ORANG,2021
537,32,JAWA BARAT,3273,KOTA BANDUNG,3273010,BANDUNG KULON,32.73.15,BANDUNG KULON,UPT CIGONDEWAH,LAKI LAKI,10,ORANG,2021
538,32,JAWA BARAT,3273,KOTA BANDUNG,3273010,BANDUNG KULON,32.73.15,BANDUNG KULON,UPT CIGONDEWAH,PEREMPUAN,14,ORANG,2021
539,32,JAWA BARAT,3273,KOTA BANDUNG,3273070,LENGKONG,32.73.13,LENGKONG,UPT CIJAGRA BARU,LAKI LAKI,13,ORANG,2021
540,32,JAWA BARAT,3273,KOTA BANDUNG,3273070,LENGKONG,32.73.13,LENGKONG,UPT CIJAGRA BARU,PEREMPUAN,8,ORANG,2021
541,32,JAWA BARAT,3273,KOTA BANDUNG,3273070,LENGKONG,32.73.13,LENGKONG,UPT CIJAGRA LAMA,LAKI LAKI,39,ORANG,2021
542,32,JAWA BARAT,3273,KOTA BANDUNG,3273070,LENGKONG,32.73.13,LENGKONG,UPT CIJAGRA LAMA,PEREMPUAN,36,ORANG,2021
543,32,JAWA BARAT,3273,KOTA BANDUNG,3273010,BANDUNG KULON,32.73.15,BANDUNG KULON,UPT CIJERAH,LAKI LAKI,22,ORANG,2021
544,32,JAWA BARAT,3273,KOTA BANDUNG,3273010,BANDUNG KULON,32.73.15,BANDUNG KULON,UPT CIJERAH,PEREMPUAN,17,ORANG,2021
545,32,JAWA BARAT,3273,KOTA BANDUNG,3273230,COBLONG,32.73.02,COBLONG,UPT CIKUTRA LAMA,LAKI LAKI,22,ORANG,2021
546,32,JAWA BARAT,3273,KOTA BANDUNG,3273230,COBLONG,32.73.02,COBLONG,UPT CIKUTRA LAMA,PEREMPUAN,17,ORANG,2021
547,32,JAWA BARAT,3273,KOTA BANDUNG,3273110,CIBIRU,32.73.25,CIBIRU,UPT CILENGKRANG,LAKI LAKI,9,ORANG,2021
548,32,JAWA BARAT,3273,KOTA BANDUNG,3273110,CIBIRU,32.73.25,CIBIRU,UPT CILENGKRANG,PEREMPUAN,8,ORANG,2021
549,32,JAWA BARAT,3273,KOTA BANDUNG,3273121,CINAMBO,32.73.29,CINAMBO,UPT CINAMBO,LAKI LAKI,18,ORANG,2021
550,32,JAWA BARAT,3273,KOTA BANDUNG,3273121,CINAMBO,32.73.29,CINAMBO,UPT CINAMBO,PEREMPUAN,17,ORANG,2021
551,32,JAWA BARAT,3273,KOTA BANDUNG,3273110,CIBIRU,32.73.25,CIBIRU,UPT CIPADUNG,LAKI LAKI,29,ORANG,2021
552,32,JAWA BARAT,3273,KOTA BANDUNG,3273110,CIBIRU,32.73.25,CIBIRU,UPT CIPADUNG,PEREMPUAN,31,ORANG,2021
553,32,JAWA BARAT,3273,KOTA BANDUNG,3273260,CIDADAP,32.73.08,CIDADAP,UPT CIPAKU,LAKI LAKI,5,ORANG,2021
554,32,JAWA BARAT,3273,KOTA BANDUNG,3273260,CIDADAP,32.73.08,CIDADAP,UPT CIPAKU,PEREMPUAN,9,ORANG,2021
555,32,JAWA BARAT,3273,KOTA BANDUNG,3273100,RANCASARI,32.73.23,RANCASARI,UPT CIPAMOKOLAN,LAKI LAKI,66,ORANG,2021
556,32,JAWA BARAT,3273,KOTA BANDUNG,3273100,RANCASARI,32.73.23,RANCASARI,UPT CIPAMOKOLAN,PEREMPUAN,63,ORANG,2021
557,32,JAWA BARAT,3273,KOTA BANDUNG,3273260,CIDADAP,32.73.08,CIDADAP,UPT CIUMBULEUIT,LAKI LAKI,23,ORANG,2021
558,32,JAWA BARAT,3273,KOTA BANDUNG,3273260,CIDADAP,32.73.08,CIDADAP,UPT CIUMBULEUIT,PEREMPUAN,37,ORANG,2021
559,32,JAWA BARAT,3273,KOTA BANDUNG,3273230,COBLONG,32.73.02,COBLONG,UPT DAGO,LAKI LAKI,39,ORANG,2021
560,32,JAWA BARAT,3273,KOTA BANDUNG,3273230,COBLONG,32.73.02,COBLONG,UPT DAGO,PEREMPUAN,40,ORANG,2021
561,32,JAWA BARAT,3273,KOTA BANDUNG,3273100,RANCASARI,32.73.23,RANCASARI,UPT DERWATI,LAKI LAKI,30,ORANG,2021
562,32,JAWA BARAT,3273,KOTA BANDUNG,3273100,RANCASARI,32.73.23,RANCASARI,UPT DERWATI,PEREMPUAN,28,ORANG,2021
563,32,JAWA BARAT,3273,KOTA BANDUNG,3273180,ANDIR,32.73.05,ANDIR,UPT GARUDA,LAKI LAKI,35,ORANG,2021
564,32,JAWA BARAT,3273,KOTA BANDUNG,3273180,ANDIR,32.73.05,ANDIR,UPT GARUDA,PEREMPUAN,33,ORANG,2021
565,32,JAWA BARAT,3273,KOTA BANDUNG,3273142,MANDALAJATI,32.73.30,MANDALAJATI,UPT GIRIMANDE,LAKI LAKI,10,ORANG,2021
566,32,JAWA BARAT,3273,KOTA BANDUNG,3273142,MANDALAJATI,32.73.30,MANDALAJATI,UPT GIRIMANDE,PEREMPUAN,4,ORANG,2021
567,32,JAWA BARAT,3273,KOTA BANDUNG,3273141,ANTAPANI,32.73.20,ANTAPANI,UPT GRIYA ANTAPANI,LAKI LAKI,30,ORANG,2021
568,32,JAWA BARAT,3273,KOTA BANDUNG,3273141,ANTAPANI,32.73.20,ANTAPANI,UPT GRIYA ANTAPANI,PEREMPUAN,27,ORANG,2021
569,32,JAWA BARAT,3273,KOTA BANDUNG,3273160,BATUNUNGGAL,32.73.12,BATUNUNGGAL,UPT GUMURUH,LAKI LAKI,33,ORANG,2021
570,32,JAWA BARAT,3273,KOTA BANDUNG,3273160,BATUNUNGGAL,32.73.12,BATUNUNGGAL,UPT GUMURUH,PEREMPUAN,26,ORANG,2021
571,32,JAWA BARAT,3273,KOTA BANDUNG,3273160,BATUNUNGGAL,32.73.12,BATUNUNGGAL,UPT IBRAHIM ADJIE,LAKI LAKI,19,ORANG,2021
572,32,JAWA BARAT,3273,KOTA BANDUNG,3273160,BATUNUNGGAL,32.73.12,BATUNUNGGAL,UPT IBRAHIM ADJIE,PEREMPUAN,27,ORANG,2021
573,32,JAWA BARAT,3273,KOTA BANDUNG,3273141,ANTAPANI,32.73.20,ANTAPANI,UPT JAJAWAY,LAKI LAKI,39,ORANG,2021
574,32,JAWA BARAT,3273,KOTA BANDUNG,3273141,ANTAPANI,32.73.20,ANTAPANI,UPT JAJAWAY,PEREMPUAN,30,ORANG,2021
575,32,JAWA BARAT,3273,KOTA BANDUNG,3273142,MANDALAJATI,32.73.30,MANDALAJATI,UPT JATIHANDAP,LAKI LAKI,4,ORANG,2021
576,32,JAWA BARAT,3273,KOTA BANDUNG,3273142,MANDALAJATI,32.73.30,MANDALAJATI,UPT JATIHANDAP,PEREMPUAN,13,ORANG,2021
577,32,JAWA BARAT,3273,KOTA BANDUNG,3273250,SUKASARI,32.73.01,SUKASARI,UPT KARANGSETRA,LAKI LAKI,22,ORANG,2021
578,32,JAWA BARAT,3273,KOTA BANDUNG,3273250,SUKASARI,32.73.01,SUKASARI,UPT KARANGSETRA,PEREMPUAN,15,ORANG,2021
579,32,JAWA BARAT,3273,KOTA BANDUNG,3273040,BOJONGLOA KIDUL,32.73.17,BOJONGLOA KIDUL,UPT KOPO,LAKI LAKI,42,ORANG,2021
580,32,JAWA BARAT,3273,KOTA BANDUNG,3273040,BOJONGLOA KIDUL,32.73.17,BOJONGLOA KIDUL,UPT KOPO,PEREMPUAN,45,ORANG,2021
581,32,JAWA BARAT,3273,KOTA BANDUNG,3273080,BANDUNG KIDUL,32.73.21,BANDUNG KIDUL,UPT KUJANG SARI,LAKI LAKI,45,ORANG,2021
582,32,JAWA BARAT,3273,KOTA BANDUNG,3273080,BANDUNG KIDUL,32.73.21,BANDUNG KIDUL,UPT KUJANG SARI,PEREMPUAN,41,ORANG,2021
583,32,JAWA BARAT,3273,KOTA BANDUNG,3273250,SUKASARI,32.73.01,SUKASARI,UPT LEDENG,LAKI LAKI,4,ORANG,2021
584,32,JAWA BARAT,3273,KOTA BANDUNG,3273250,SUKASARI,32.73.01,SUKASARI,UPT LEDENG,PEREMPUAN,4,ORANG,2021
585,32,JAWA BARAT,3273,KOTA BANDUNG,3273050,ASTANAANYAR,32.73.10,ASTANA ANYAR,UPT LIOGENTENG,LAKI LAKI,8,ORANG,2021
586,32,JAWA BARAT,3273,KOTA BANDUNG,3273050,ASTANAANYAR,32.73.10,ASTANA ANYAR,UPT LIOGENTENG,PEREMPUAN,3,ORANG,2021
587,32,JAWA BARAT,3273,KOTA BANDUNG,3273142,MANDALAJATI,32.73.30,MANDALAJATI,UPT MANDALA MEKAR,LAKI LAKI,9,ORANG,2021
588,32,JAWA BARAT,3273,KOTA BANDUNG,3273142,MANDALAJATI,32.73.30,MANDALAJATI,UPT MANDALA MEKAR,PEREMPUAN,10,ORANG,2021
589,32,JAWA BARAT,3273,KOTA BANDUNG,3273090,BUAHBATU,32.73.22,BUAHBATU,UPT MARGAHAYU RAYA,LAKI LAKI,65,ORANG,2021
590,32,JAWA BARAT,3273,KOTA BANDUNG,3273090,BUAHBATU,32.73.22,BUAHBATU,UPT MARGAHAYU RAYA,PEREMPUAN,47,ORANG,2021
591,32,JAWA BARAT,3273,KOTA BANDUNG,3273080,BANDUNG KIDUL,32.73.21,BANDUNG KIDUL,UPT MENGGER,LAKI LAKI,11,ORANG,2021
592,32,JAWA BARAT,3273,KOTA BANDUNG,3273080,BANDUNG KIDUL,32.73.21,BANDUNG KIDUL,UPT MENGGER,PEREMPUAN,4,ORANG,2021
593,32,JAWA BARAT,3273,KOTA BANDUNG,3273060,REGOL,32.73.11,REGOL,UPT MOCH. RAMDAN,LAKI LAKI,21,ORANG,2021
594,32,JAWA BARAT,3273,KOTA BANDUNG,3273060,REGOL,32.73.11,REGOL,UPT MOCH. RAMDAN,PEREMPUAN,19,ORANG,2021
595,32,JAWA BARAT,3273,KOTA BANDUNG,3273220,CIBEUNYING KALER,32.73.18,CIBEUNYING KALER,UPT NEGLASARI,LAKI LAKI,17,ORANG,2021
596,32,JAWA BARAT,3273,KOTA BANDUNG,3273220,CIBEUNYING KALER,32.73.18,CIBEUNYING KALER,UPT NEGLASARI,PEREMPUAN,19,ORANG,2021
597,32,JAWA BARAT,3273,KOTA BANDUNG,3273210,CIBEUNYING KIDUL,32.73.14,CIBEUNYING KIDUL,UPT PADASUKA,LAKI LAKI,52,ORANG,2021
598,32,JAWA BARAT,3273,KOTA BANDUNG,3273210,CIBEUNYING KIDUL,32.73.14,CIBEUNYING KIDUL,UPT PADASUKA,PEREMPUAN,52,ORANG,2021
599,32,JAWA BARAT,3273,KOTA BANDUNG,3273050,ASTANAANYAR,32.73.10,ASTANA ANYAR,UPT PAGARSIH,LAKI LAKI,7,ORANG,2021
600,32,JAWA BARAT,3273,KOTA BANDUNG,3273050,ASTANAANYAR,32.73.10,ASTANA ANYAR,UPT PAGARSIH,PEREMPUAN,8,ORANG,2021
601,32,JAWA BARAT,3273,KOTA BANDUNG,3273142,MANDALAJATI,32.73.30,MANDALAJATI,UPT PAMULANG,LAKI LAKI,5,ORANG,2021
602,32,JAWA BARAT,3273,KOTA BANDUNG,3273142,MANDALAJATI,32.73.30,MANDALAJATI,UPT PAMULANG,PEREMPUAN,4,ORANG,2021
603,32,JAWA BARAT,3273,KOTA BANDUNG,3273111,PANYILEUKAN,32.73.28,PANYILEUKAN,UPT PANGHEGAR,LAKI LAKI,14,ORANG,2021
604,32,JAWA BARAT,3273,KOTA BANDUNG,3273111,PANYILEUKAN,32.73.28,PANYILEUKAN,UPT PANGHEGAR,PEREMPUAN,12,ORANG,2021
605,32,JAWA BARAT,3273,KOTA BANDUNG,3273111,PANYILEUKAN,32.73.28,PANYILEUKAN,UPT PANYILEUKAN,LAKI LAKI,15,ORANG,2021
606,32,JAWA BARAT,3273,KOTA BANDUNG,3273111,PANYILEUKAN,32.73.28,PANYILEUKAN,UPT PANYILEUKAN,PEREMPUAN,17,ORANG,2021
607,32,JAWA BARAT,3273,KOTA BANDUNG,3273080,BANDUNG KIDUL,32.73.21,BANDUNG KIDUL,UPT PASAWAHAN,LAKI LAKI,4,ORANG,2021
608,32,JAWA BARAT,3273,KOTA BANDUNG,3273080,BANDUNG KIDUL,32.73.21,BANDUNG KIDUL,UPT PASAWAHAN,PEREMPUAN,5,ORANG,2021
609,32,JAWA BARAT,3273,KOTA BANDUNG,3273120,UJUNG BERUNG,32.73.26,UJUNGBERUNG,UPT PASIRJATI,LAKI LAKI,24,ORANG,2021
610,32,JAWA BARAT,3273,KOTA BANDUNG,3273120,UJUNG BERUNG,32.73.26,UJUNGBERUNG,UPT PASIRJATI,PEREMPUAN,33,ORANG,2021
611,32,JAWA BARAT,3273,KOTA BANDUNG,3273190,CICENDO,32.73.06,CICENDO,UPT PASIRKALIKI,LAKI LAKI,43,ORANG,2021
612,32,JAWA BARAT,3273,KOTA BANDUNG,3273190,CICENDO,32.73.06,CICENDO,UPT PASIRKALIKI,PEREMPUAN,40,ORANG,2021
613,32,JAWA BARAT,3273,KOTA BANDUNG,3273210,CIBEUNYING KIDUL,32.73.14,CIBEUNYING KIDUL,UPT PASIRLAYUNG,LAKI LAKI,22,ORANG,2021
614,32,JAWA BARAT,3273,KOTA BANDUNG,3273210,CIBEUNYING KIDUL,32.73.14,CIBEUNYING KIDUL,UPT PASIRLAYUNG,PEREMPUAN,14,ORANG,2021
615,32,JAWA BARAT,3273,KOTA BANDUNG,3273060,REGOL,32.73.11,REGOL,UPT PASIRLUYU,LAKI LAKI,19,ORANG,2021
616,32,JAWA BARAT,3273,KOTA BANDUNG,3273060,REGOL,32.73.11,REGOL,UPT PASIRLUYU,PEREMPUAN,24,ORANG,2021
617,32,JAWA BARAT,3273,KOTA BANDUNG,3273060,REGOL,32.73.11,REGOL,UPT PASUNDAN,LAKI LAKI,8,ORANG,2021
618,32,JAWA BARAT,3273,KOTA BANDUNG,3273060,REGOL,32.73.11,REGOL,UPT PASUNDAN,PEREMPUAN,8,ORANG,2021
619,32,JAWA BARAT,3273,KOTA BANDUNG,3273050,ASTANAANYAR,32.73.10,ASTANA ANYAR,UPT PELINDUNG HEWAN,LAKI LAKI,16,ORANG,2021
620,32,JAWA BARAT,3273,KOTA BANDUNG,3273050,ASTANAANYAR,32.73.10,ASTANA ANYAR,UPT PELINDUNG HEWAN,PEREMPUAN,18,ORANG,2021
621,32,JAWA BARAT,3273,KOTA BANDUNG,3273230,COBLONG,32.73.02,COBLONG,UPT PUTER,LAKI LAKI,18,ORANG,2021
622,32,JAWA BARAT,3273,KOTA BANDUNG,3273230,COBLONG,32.73.02,COBLONG,UPT PUTER,PEREMPUAN,20,ORANG,2021
623,32,JAWA BARAT,3273,KOTA BANDUNG,3273101,GEDEBAGE,32.73.27,GEDEBAGE,UPT RIUNG BANDUNG,LAKI LAKI,43,ORANG,2021
624,32,JAWA BARAT,3273,KOTA BANDUNG,3273101,GEDEBAGE,32.73.27,GEDEBAGE,UPT RIUNG BANDUNG,PEREMPUAN,33,ORANG,2021
625,32,JAWA BARAT,3273,KOTA BANDUNG,3273130,ARCAMANIK,32.73.24,ARCAMANIK,UPT RUSUNAWA,LAKI LAKI,40,ORANG,2021
626,32,JAWA BARAT,3273,KOTA BANDUNG,3273130,ARCAMANIK,32.73.24,ARCAMANIK,UPT RUSUNAWA,PEREMPUAN,28,ORANG,2021
627,32,JAWA BARAT,3273,KOTA BANDUNG,3273200,BANDUNG WETAN,32.73.09,BANDUNG WETAN,UPT SALAM,LAKI LAKI,8,ORANG,2021
628,32,JAWA BARAT,3273,KOTA BANDUNG,3273200,BANDUNG WETAN,32.73.09,BANDUNG WETAN,UPT SALAM,PEREMPUAN,4,ORANG,2021
629,32,JAWA BARAT,3273,KOTA BANDUNG,3273250,SUKASARI,32.73.01,SUKASARI,UPT SARIJADI,LAKI LAKI,34,ORANG,2021
630,32,JAWA BARAT,3273,KOTA BANDUNG,3273250,SUKASARI,32.73.01,SUKASARI,UPT SARIJADI,PEREMPUAN,24,ORANG,2021
631,32,JAWA BARAT,3273,KOTA BANDUNG,3273090,BUAHBATU,32.73.22,BUAHBATU,UPT SEKEJATI,LAKI LAKI,34,ORANG,2021
632,32,JAWA BARAT,3273,KOTA BANDUNG,3273090,BUAHBATU,32.73.22,BUAHBATU,UPT SEKEJATI,PEREMPUAN,39,ORANG,2021
633,32,JAWA BARAT,3273,KOTA BANDUNG,3273230,COBLONG,32.73.02,COBLONG,UPT SEKELOA,LAKI LAKI,12,ORANG,2021
634,32,JAWA BARAT,3273,KOTA BANDUNG,3273230,COBLONG,32.73.02,COBLONG,UPT SEKELOA,PEREMPUAN,5,ORANG,2021
635,32,JAWA BARAT,3273,KOTA BANDUNG,3273142,MANDALAJATI,32.73.30,MANDALAJATI,UPT SINDANG JAYA,LAKI LAKI,19,ORANG,2021
636,32,JAWA BARAT,3273,KOTA BANDUNG,3273142,MANDALAJATI,32.73.30,MANDALAJATI,UPT SINDANG JAYA,PEREMPUAN,31,ORANG,2021
637,32,JAWA BARAT,3273,KOTA BANDUNG,3273240,SUKAJADI,32.73.07,SUKAJADI,UPT SUKAGALIH,LAKI LAKI,25,ORANG,2021
638,32,JAWA BARAT,3273,KOTA BANDUNG,3273240,SUKAJADI,32.73.07,SUKAJADI,UPT SUKAGALIH,PEREMPUAN,15,ORANG,2021
639,32,JAWA BARAT,3273,KOTA BANDUNG,3273020,BABAKAN CIPARAY,32.73.03,BABAKAN CIPARAY,UPT SUKAHAJI,LAKI LAKI,34,ORANG,2021
640,32,JAWA BARAT,3273,KOTA BANDUNG,3273020,BABAKAN CIPARAY,32.73.03,BABAKAN CIPARAY,UPT SUKAHAJI,PEREMPUAN,24,ORANG,2021
641,32,JAWA BARAT,3273,KOTA BANDUNG,3273240,SUKAJADI,32.73.07,SUKAJADI,UPT SUKAJADI,LAKI LAKI,72,ORANG,2021
642,32,JAWA BARAT,3273,KOTA BANDUNG,3273240,SUKAJADI,32.73.07,SUKAJADI,UPT SUKAJADI,PEREMPUAN,75,ORANG,2021
643,32,JAWA BARAT,3273,KOTA BANDUNG,3273030,BOJONGLOA KALER,32.73.04,BOJONGLOA KALER,UPT SUKAPARKIR,LAKI LAKI,20,ORANG,2021
644,32,JAWA BARAT,3273,KOTA BANDUNG,3273030,BOJONGLOA KALER,32.73.04,BOJONGLOA KALER,UPT SUKAPARKIR,PEREMPUAN,17,ORANG,2021
645,32,JAWA BARAT,3273,KOTA BANDUNG,3273190,CICENDO,32.73.06,CICENDO,UPT SUKARAJA,LAKI LAKI,19,ORANG,2021
646,32,JAWA BARAT,3273,KOTA BANDUNG,3273190,CICENDO,32.73.06,CICENDO,UPT SUKARAJA,PEREMPUAN,12,ORANG,2021
647,32,JAWA BARAT,3273,KOTA BANDUNG,3273250,SUKASARI,32.73.01,SUKASARI,UPT SUKARASA,LAKI LAKI,15,ORANG,2021
648,32,JAWA BARAT,3273,KOTA BANDUNG,3273250,SUKASARI,32.73.01,SUKASARI,UPT SUKARASA,PEREMPUAN,16,ORANG,2021
649,32,JAWA BARAT,3273,KOTA BANDUNG,3273240,SUKAJADI,32.73.07,SUKAJADI,UPT SUKAWARNA,LAKI LAKI,17,ORANG,2021
650,32,JAWA BARAT,3273,KOTA BANDUNG,3273240,SUKAJADI,32.73.07,SUKAJADI,UPT SUKAWARNA,PEREMPUAN,11,ORANG,2021
651,32,JAWA BARAT,3273,KOTA BANDUNG,3273070,LENGKONG,32.73.13,LENGKONG,UPT SURYALAYA,LAKI LAKI,5,ORANG,2021
652,32,JAWA BARAT,3273,KOTA BANDUNG,3273070,LENGKONG,32.73.13,LENGKONG,UPT SURYALAYA,PEREMPUAN,8,ORANG,2021
653,32,JAWA BARAT,3273,KOTA BANDUNG,3273070,LENGKONG,32.73.13,LENGKONG,UPT TALAGABODAS,LAKI LAKI,13,ORANG,2021
654,32,JAWA BARAT,3273,KOTA BANDUNG,3273070,LENGKONG,32.73.13,LENGKONG,UPT TALAGABODAS,PEREMPUAN,12,ORANG,2021
655,32,JAWA BARAT,3273,KOTA BANDUNG,3273200,BANDUNG WETAN,32.73.09,BANDUNG WETAN,UPT TAMANSARI,LAKI LAKI,15,ORANG,2021
656,32,JAWA BARAT,3273,KOTA BANDUNG,3273200,BANDUNG WETAN,32.73.09,BANDUNG WETAN,UPT TAMANSARI,PEREMPUAN,19,ORANG,2021
657,32,JAWA BARAT,3273,KOTA BANDUNG,3273170,SUMUR BANDUNG,32.73.19,SUMUR BANDUNG,UPT TAMBLONG,LAKI LAKI,17,ORANG,2021
658,32,JAWA BARAT,3273,KOTA BANDUNG,3273170,SUMUR BANDUNG,32.73.19,SUMUR BANDUNG,UPT TAMBLONG,PEREMPUAN,16,ORANG,2021
659,32,JAWA BARAT,3273,KOTA BANDUNG,3273120,UJUNG BERUNG,32.73.26,UJUNGBERUNG,UPT UJUNGBERUNG INDAH,LAKI LAKI,52,ORANG,2021
660,32,JAWA BARAT,3273,KOTA BANDUNG,3273120,UJUNG BERUNG,32.73.26,UJUNGBERUNG,UPT UJUNGBERUNG INDAH,PEREMPUAN,56,ORANG,2021
661,32,JAWA BARAT,3273,KOTA BANDUNG,3273160,BATUNUNGGAL,32.73.12,BATUNUNGGAL,UPT AHMAD YANI,LAKI LAKI,15,ORANG,2022
662,32,JAWA BARAT,3273,KOTA BANDUNG,3273160,BATUNUNGGAL,32.73.12,BATUNUNGGAL,UPT AHMAD YANI,PEREMPUAN,19,ORANG,2022
663,32,JAWA BARAT,3273,KOTA BANDUNG,3273141,ANTAPANI,32.73.20,ANTAPANI,UPT ANTAPANI,LAKI LAKI,48,ORANG,2022
664,32,JAWA BARAT,3273,KOTA BANDUNG,3273141,ANTAPANI,32.73.20,ANTAPANI,UPT ANTAPANI,PEREMPUAN,38,ORANG,2022
665,32,JAWA BARAT,3273,KOTA BANDUNG,3273130,ARCAMANIK,32.73.24,ARCAMANIK,UPT ARCAMANIK,LAKI LAKI,54,ORANG,2022
666,32,JAWA BARAT,3273,KOTA BANDUNG,3273130,ARCAMANIK,32.73.24,ARCAMANIK,UPT ARCAMANIK,PEREMPUAN,56,ORANG,2022
667,32,JAWA BARAT,3273,KOTA BANDUNG,3273050,ASTANAANYAR,32.73.10,ASTANA ANYAR,UPT ASTANAANYAR,LAKI LAKI,11,ORANG,2022
668,32,JAWA BARAT,3273,KOTA BANDUNG,3273050,ASTANAANYAR,32.73.10,ASTANA ANYAR,UPT ASTANAANYAR,PEREMPUAN,12,ORANG,2022
669,32,JAWA BARAT,3273,KOTA BANDUNG,3273150,KIARACONDONG,32.73.16,KIARACONDONG,UPT BABAKAN SURABAYA,LAKI LAKI,32,ORANG,2022
670,32,JAWA BARAT,3273,KOTA BANDUNG,3273150,KIARACONDONG,32.73.16,KIARACONDONG,UPT BABAKAN SURABAYA,PEREMPUAN,33,ORANG,2022
671,32,JAWA BARAT,3273,KOTA BANDUNG,3273030,BOJONGLOA KALER,32.73.04,BOJONGLOA KALER,UPT BABAKAN TAROGONG,LAKI LAKI,34,ORANG,2022
672,32,JAWA BARAT,3273,KOTA BANDUNG,3273030,BOJONGLOA KALER,32.73.04,BOJONGLOA KALER,UPT BABAKAN TAROGONG,PEREMPUAN,37,ORANG,2022
673,32,JAWA BARAT,3273,KOTA BANDUNG,3273150,KIARACONDONG,32.73.16,KIARACONDONG,UPT BABAKANSARI,LAKI LAKI,91,ORANG,2022
674,32,JAWA BARAT,3273,KOTA BANDUNG,3273150,KIARACONDONG,32.73.16,KIARACONDONG,UPT BABAKANSARI,PEREMPUAN,94,ORANG,2022
675,32,JAWA BARAT,3273,KOTA BANDUNG,3273180,ANDIR,32.73.05,ANDIR,UPT BABATAN,LAKI LAKI,20,ORANG,2022
676,32,JAWA BARAT,3273,KOTA BANDUNG,3273180,ANDIR,32.73.05,ANDIR,UPT BABATAN,PEREMPUAN,26,ORANG,2022
677,32,JAWA BARAT,3273,KOTA BANDUNG,3273170,SUMUR BANDUNG,32.73.19,SUMUR BANDUNG,UPT BALAIKOTA,LAKI LAKI,11,ORANG,2022
678,32,JAWA BARAT,3273,KOTA BANDUNG,3273170,SUMUR BANDUNG,32.73.19,SUMUR BANDUNG,UPT BALAIKOTA,PEREMPUAN,6,ORANG,2022
679,32,JAWA BARAT,3273,KOTA BANDUNG,3273020,BABAKAN CIPARAY,32.73.03,BABAKAN CIPARAY,UPT CARINGIN,LAKI LAKI,27,ORANG,2022
680,32,JAWA BARAT,3273,KOTA BANDUNG,3273020,BABAKAN CIPARAY,32.73.03,BABAKAN CIPARAY,UPT CARINGIN,PEREMPUAN,27,ORANG,2022
681,32,JAWA BARAT,3273,KOTA BANDUNG,3273101,GEDEBAGE,32.73.27,GEDEBAGE,UPT CEMPAKA ARUM,LAKI LAKI,16,ORANG,2022
682,32,JAWA BARAT,3273,KOTA BANDUNG,3273101,GEDEBAGE,32.73.27,GEDEBAGE,UPT CEMPAKA ARUM,PEREMPUAN,18,ORANG,2022
683,32,JAWA BARAT,3273,KOTA BANDUNG,3273030,BOJONGLOA KALER,32.73.04,BOJONGLOA KALER,UPT CETARIP,LAKI LAKI,47,ORANG,2022
684,32,JAWA BARAT,3273,KOTA BANDUNG,3273030,BOJONGLOA KALER,32.73.04,BOJONGLOA KALER,UPT CETARIP,PEREMPUAN,39,ORANG,2022
685,32,JAWA BARAT,3273,KOTA BANDUNG,3273040,BOJONGLOA KIDUL,32.73.17,BOJONGLOA KIDUL,UPT CIBADUYUT KIDUL,LAKI LAKI,3,ORANG,2022
686,32,JAWA BARAT,3273,KOTA BANDUNG,3273040,BOJONGLOA KIDUL,32.73.17,BOJONGLOA KIDUL,UPT CIBADUYUT KIDUL,PEREMPUAN,2,ORANG,2022
687,32,JAWA BARAT,3273,KOTA BANDUNG,3273040,BOJONGLOA KIDUL,32.73.17,BOJONGLOA KIDUL,UPT CIBADUYUT WETAN,LAKI LAKI,9,ORANG,2022
688,32,JAWA BARAT,3273,KOTA BANDUNG,3273040,BOJONGLOA KIDUL,32.73.17,BOJONGLOA KIDUL,UPT CIBADUYUT WETAN,PEREMPUAN,11,ORANG,2022
689,32,JAWA BARAT,3273,KOTA BANDUNG,3273110,CIBIRU,32.73.25,CIBIRU,UPT CIBIRU,LAKI LAKI,15,ORANG,2022
690,32,JAWA BARAT,3273,KOTA BANDUNG,3273110,CIBIRU,32.73.25,CIBIRU,UPT CIBIRU,PEREMPUAN,27,ORANG,2022
691,32,JAWA BARAT,3273,KOTA BANDUNG,3273020,BABAKAN CIPARAY,32.73.03,BABAKAN CIPARAY,UPT CIBOLERANG,LAKI LAKI,8,ORANG,2022
692,32,JAWA BARAT,3273,KOTA BANDUNG,3273020,BABAKAN CIPARAY,32.73.03,BABAKAN CIPARAY,UPT CIBOLERANG,PEREMPUAN,5,ORANG,2022
693,32,JAWA BARAT,3273,KOTA BANDUNG,3273010,BANDUNG KULON,32.73.15,BANDUNG KULON,UPT CIBUNTU,LAKI LAKI,32,ORANG,2022
694,32,JAWA BARAT,3273,KOTA BANDUNG,3273010,BANDUNG KULON,32.73.15,BANDUNG KULON,UPT CIBUNTU,PEREMPUAN,24,ORANG,2022
695,32,JAWA BARAT,3273,KOTA BANDUNG,3273220,CIBEUNYING KALER,32.73.18,CIBEUNYING KALER,UPT CIGADUNG,LAKI LAKI,32,ORANG,2022
696,32,JAWA BARAT,3273,KOTA BANDUNG,3273220,CIBEUNYING KALER,32.73.18,CIBEUNYING KALER,UPT CIGADUNG,PEREMPUAN,45,ORANG,2022
697,32,JAWA BARAT,3273,KOTA BANDUNG,3273010,BANDUNG KULON,32.73.15,BANDUNG KULON,UPT CIGONDEWAH,LAKI LAKI,20,ORANG,2022
698,32,JAWA BARAT,3273,KOTA BANDUNG,3273010,BANDUNG KULON,32.73.15,BANDUNG KULON,UPT CIGONDEWAH,PEREMPUAN,11,ORANG,2022
699,32,JAWA BARAT,3273,KOTA BANDUNG,3273070,LENGKONG,32.73.13,LENGKONG,UPT CIJAGRA BARU,LAKI LAKI,27,ORANG,2022
700,32,JAWA BARAT,3273,KOTA BANDUNG,3273070,LENGKONG,32.73.13,LENGKONG,UPT CIJAGRA BARU,PEREMPUAN,14,ORANG,2022
701,32,JAWA BARAT,3273,KOTA BANDUNG,3273070,LENGKONG,32.73.13,LENGKONG,UPT CIJAGRA LAMA,LAKI LAKI,62,ORANG,2022
702,32,JAWA BARAT,3273,KOTA BANDUNG,3273070,LENGKONG,32.73.13,LENGKONG,UPT CIJAGRA LAMA,PEREMPUAN,42,ORANG,2022
703,32,JAWA BARAT,3273,KOTA BANDUNG,3273010,BANDUNG KULON,32.73.15,BANDUNG KULON,UPT CIJERAH,LAKI LAKI,15,ORANG,2022
704,32,JAWA BARAT,3273,KOTA BANDUNG,3273010,BANDUNG KULON,32.73.15,BANDUNG KULON,UPT CIJERAH,PEREMPUAN,14,ORANG,2022
705,32,JAWA BARAT,3273,KOTA BANDUNG,3273230,COBLONG,32.73.02,COBLONG,UPT CIKUTRA LAMA,LAKI LAKI,31,ORANG,2022
706,32,JAWA BARAT,3273,KOTA BANDUNG,3273230,COBLONG,32.73.02,COBLONG,UPT CIKUTRA LAMA,PEREMPUAN,39,ORANG,2022
707,32,JAWA BARAT,3273,KOTA BANDUNG,3273110,CIBIRU,32.73.25,CIBIRU,UPT CILENGKRANG,LAKI LAKI,19,ORANG,2022
708,32,JAWA BARAT,3273,KOTA BANDUNG,3273110,CIBIRU,32.73.25,CIBIRU,UPT CILENGKRANG,PEREMPUAN,17,ORANG,2022
709,32,JAWA BARAT,3273,KOTA BANDUNG,3273121,CINAMBO,32.73.29,CINAMBO,UPT CINAMBO,LAKI LAKI,29,ORANG,2022
710,32,JAWA BARAT,3273,KOTA BANDUNG,3273121,CINAMBO,32.73.29,CINAMBO,UPT CINAMBO,PEREMPUAN,39,ORANG,2022
711,32,JAWA BARAT,3273,KOTA BANDUNG,3273110,CIBIRU,32.73.25,CIBIRU,UPT CIPADUNG,LAKI LAKI,68,ORANG,2022
712,32,JAWA BARAT,3273,KOTA BANDUNG,3273110,CIBIRU,32.73.25,CIBIRU,UPT CIPADUNG,PEREMPUAN,49,ORANG,2022
713,32,JAWA BARAT,3273,KOTA BANDUNG,3273260,CIDADAP,32.73.08,CIDADAP,UPT CIPAKU,LAKI LAKI,8,ORANG,2022
714,32,JAWA BARAT,3273,KOTA BANDUNG,3273260,CIDADAP,32.73.08,CIDADAP,UPT CIPAKU,PEREMPUAN,9,ORANG,2022
715,32,JAWA BARAT,3273,KOTA BANDUNG,3273100,RANCASARI,32.73.23,RANCASARI,UPT CIPAMOKOLAN,LAKI LAKI,107,ORANG,2022
716,32,JAWA BARAT,3273,KOTA BANDUNG,3273100,RANCASARI,32.73.23,RANCASARI,UPT CIPAMOKOLAN,PEREMPUAN,96,ORANG,2022
717,32,JAWA BARAT,3273,KOTA BANDUNG,3273260,CIDADAP,32.73.08,CIDADAP,UPT CIUMBULEUIT,LAKI LAKI,58,ORANG,2022
718,32,JAWA BARAT,3273,KOTA BANDUNG,3273260,CIDADAP,32.73.08,CIDADAP,UPT CIUMBULEUIT,PEREMPUAN,52,ORANG,2022
719,32,JAWA BARAT,3273,KOTA BANDUNG,3273230,COBLONG,32.73.02,COBLONG,UPT DAGO,LAKI LAKI,77,ORANG,2022
720,32,JAWA BARAT,3273,KOTA BANDUNG,3273230,COBLONG,32.73.02,COBLONG,UPT DAGO,PEREMPUAN,75,ORANG,2022
721,32,JAWA BARAT,3273,KOTA BANDUNG,3273100,RANCASARI,32.73.23,RANCASARI,UPT DERWATI,LAKI LAKI,44,ORANG,2022
722,32,JAWA BARAT,3273,KOTA BANDUNG,3273100,RANCASARI,32.73.23,RANCASARI,UPT DERWATI,PEREMPUAN,41,ORANG,2022
723,32,JAWA BARAT,3273,KOTA BANDUNG,3273180,ANDIR,32.73.05,ANDIR,UPT GARUDA,LAKI LAKI,40,ORANG,2022
724,32,JAWA BARAT,3273,KOTA BANDUNG,3273180,ANDIR,32.73.05,ANDIR,UPT GARUDA,PEREMPUAN,27,ORANG,2022
725,32,JAWA BARAT,3273,KOTA BANDUNG,3273142,MANDALAJATI,32.73.30,MANDALAJATI,UPT GIRIMANDE,LAKI LAKI,9,ORANG,2022
726,32,JAWA BARAT,3273,KOTA BANDUNG,3273142,MANDALAJATI,32.73.30,MANDALAJATI,UPT GIRIMANDE,PEREMPUAN,9,ORANG,2022
727,32,JAWA BARAT,3273,KOTA BANDUNG,3273141,ANTAPANI,32.73.20,ANTAPANI,UPT GRIYA ANTAPANI,LAKI LAKI,36,ORANG,2022
728,32,JAWA BARAT,3273,KOTA BANDUNG,3273141,ANTAPANI,32.73.20,ANTAPANI,UPT GRIYA ANTAPANI,PEREMPUAN,43,ORANG,2022
729,32,JAWA BARAT,3273,KOTA BANDUNG,3273160,BATUNUNGGAL,32.73.12,BATUNUNGGAL,UPT GUMURUH,LAKI LAKI,54,ORANG,2022
730,32,JAWA BARAT,3273,KOTA BANDUNG,3273160,BATUNUNGGAL,32.73.12,BATUNUNGGAL,UPT GUMURUH,PEREMPUAN,62,ORANG,2022
731,32,JAWA BARAT,3273,KOTA BANDUNG,3273160,BATUNUNGGAL,32.73.12,BATUNUNGGAL,UPT IBRAHIM ADJIE,LAKI LAKI,34,ORANG,2022
732,32,JAWA BARAT,3273,KOTA BANDUNG,3273160,BATUNUNGGAL,32.73.12,BATUNUNGGAL,UPT IBRAHIM ADJIE,PEREMPUAN,29,ORANG,2022
733,32,JAWA BARAT,3273,KOTA BANDUNG,3273141,ANTAPANI,32.73.20,ANTAPANI,UPT JAJAWAY,LAKI LAKI,53,ORANG,2022
734,32,JAWA BARAT,3273,KOTA BANDUNG,3273141,ANTAPANI,32.73.20,ANTAPANI,UPT JAJAWAY,PEREMPUAN,43,ORANG,2022
735,32,JAWA BARAT,3273,KOTA BANDUNG,3273142,MANDALAJATI,32.73.30,MANDALAJATI,UPT JATIHANDAP,LAKI LAKI,16,ORANG,2022
736,32,JAWA BARAT,3273,KOTA BANDUNG,3273142,MANDALAJATI,32.73.30,MANDALAJATI,UPT JATIHANDAP,PEREMPUAN,12,ORANG,2022
737,32,JAWA BARAT,3273,KOTA BANDUNG,3273250,SUKASARI,32.73.01,SUKASARI,UPT KARANGSETRA,LAKI LAKI,38,ORANG,2022
738,32,JAWA BARAT,3273,KOTA BANDUNG,3273250,SUKASARI,32.73.01,SUKASARI,UPT KARANGSETRA,PEREMPUAN,28,ORANG,2022
739,32,JAWA BARAT,3273,KOTA BANDUNG,3273040,BOJONGLOA KIDUL,32.73.17,BOJONGLOA KIDUL,UPT KOPO,LAKI LAKI,38,ORANG,2022
740,32,JAWA BARAT,3273,KOTA BANDUNG,3273040,BOJONGLOA KIDUL,32.73.17,BOJONGLOA KIDUL,UPT KOPO,PEREMPUAN,48,ORANG,2022
741,32,JAWA BARAT,3273,KOTA BANDUNG,3273080,BANDUNG KIDUL,32.73.21,BANDUNG KIDUL,UPT KUJANG SARI,LAKI LAKI,58,ORANG,2022
742,32,JAWA BARAT,3273,KOTA BANDUNG,3273080,BANDUNG KIDUL,32.73.21,BANDUNG KIDUL,UPT KUJANG SARI,PEREMPUAN,80,ORANG,2022
743,32,JAWA BARAT,3273,KOTA BANDUNG,3273250,SUKASARI,32.73.01,SUKASARI,UPT LEDENG,LAKI LAKI,17,ORANG,2022
744,32,JAWA BARAT,3273,KOTA BANDUNG,3273250,SUKASARI,32.73.01,SUKASARI,UPT LEDENG,PEREMPUAN,16,ORANG,2022
745,32,JAWA BARAT,3273,KOTA BANDUNG,3273050,ASTANAANYAR,32.73.10,ASTANA ANYAR,UPT LIOGENTENG,LAKI LAKI,3,ORANG,2022
746,32,JAWA BARAT,3273,KOTA BANDUNG,3273050,ASTANAANYAR,32.73.10,ASTANA ANYAR,UPT LIOGENTENG,PEREMPUAN,5,ORANG,2022
747,32,JAWA BARAT,3273,KOTA BANDUNG,3273142,MANDALAJATI,32.73.30,MANDALAJATI,UPT MANDALA MEKAR,LAKI LAKI,9,ORANG,2022
748,32,JAWA BARAT,3273,KOTA BANDUNG,3273142,MANDALAJATI,32.73.30,MANDALAJATI,UPT MANDALA MEKAR,PEREMPUAN,16,ORANG,2022
749,32,JAWA BARAT,3273,KOTA BANDUNG,3273090,BUAHBATU,32.73.22,BUAHBATU,UPT MARGAHAYU RAYA,LAKI LAKI,85,ORANG,2022
750,32,JAWA BARAT,3273,KOTA BANDUNG,3273090,BUAHBATU,32.73.22,BUAHBATU,UPT MARGAHAYU RAYA,PEREMPUAN,99,ORANG,2022
751,32,JAWA BARAT,3273,KOTA BANDUNG,3273080,BANDUNG KIDUL,32.73.21,BANDUNG KIDUL,UPT MENGGER,LAKI LAKI,14,ORANG,2022
752,32,JAWA BARAT,3273,KOTA BANDUNG,3273080,BANDUNG KIDUL,32.73.21,BANDUNG KIDUL,UPT MENGGER,PEREMPUAN,14,ORANG,2022
753,32,JAWA BARAT,3273,KOTA BANDUNG,3273060,REGOL,32.73.11,REGOL,UPT MOCH. RAMDAN,LAKI LAKI,36,ORANG,2022
754,32,JAWA BARAT,3273,KOTA BANDUNG,3273060,REGOL,32.73.11,REGOL,UPT MOCH. RAMDAN,PEREMPUAN,36,ORANG,2022
755,32,JAWA BARAT,3273,KOTA BANDUNG,3273220,CIBEUNYING KALER,32.73.18,CIBEUNYING KALER,UPT NEGLASARI,LAKI LAKI,26,ORANG,2022
756,32,JAWA BARAT,3273,KOTA BANDUNG,3273220,CIBEUNYING KALER,32.73.18,CIBEUNYING KALER,UPT NEGLASARI,PEREMPUAN,33,ORANG,2022
757,32,JAWA BARAT,3273,KOTA BANDUNG,3273210,CIBEUNYING KIDUL,32.73.14,CIBEUNYING KIDUL,UPT PADASUKA,LAKI LAKI,56,ORANG,2022
758,32,JAWA BARAT,3273,KOTA BANDUNG,3273210,CIBEUNYING KIDUL,32.73.14,CIBEUNYING KIDUL,UPT PADASUKA,PEREMPUAN,60,ORANG,2022
759,32,JAWA BARAT,3273,KOTA BANDUNG,3273050,ASTANAANYAR,32.73.10,ASTANA ANYAR,UPT PAGARSIH,LAKI LAKI,16,ORANG,2022
760,32,JAWA BARAT,3273,KOTA BANDUNG,3273050,ASTANAANYAR,32.73.10,ASTANA ANYAR,UPT PAGARSIH,PEREMPUAN,9,ORANG,2022
761,32,JAWA BARAT,3273,KOTA BANDUNG,3273142,MANDALAJATI,32.73.30,MANDALAJATI,UPT PAMULANG,LAKI LAKI,3,ORANG,2022
762,32,JAWA BARAT,3273,KOTA BANDUNG,3273142,MANDALAJATI,32.73.30,MANDALAJATI,UPT PAMULANG,PEREMPUAN,5,ORANG,2022
763,32,JAWA BARAT,3273,KOTA BANDUNG,3273111,PANYILEUKAN,32.73.28,PANYILEUKAN,UPT PANGHEGAR,LAKI LAKI,44,ORANG,2022
764,32,JAWA BARAT,3273,KOTA BANDUNG,3273111,PANYILEUKAN,32.73.28,PANYILEUKAN,UPT PANGHEGAR,PEREMPUAN,40,ORANG,2022
765,32,JAWA BARAT,3273,KOTA BANDUNG,3273111,PANYILEUKAN,32.73.28,PANYILEUKAN,UPT PANYILEUKAN,LAKI LAKI,19,ORANG,2022
766,32,JAWA BARAT,3273,KOTA BANDUNG,3273111,PANYILEUKAN,32.73.28,PANYILEUKAN,UPT PANYILEUKAN,PEREMPUAN,21,ORANG,2022
767,32,JAWA BARAT,3273,KOTA BANDUNG,3273080,BANDUNG KIDUL,32.73.21,BANDUNG KIDUL,UPT PASAWAHAN,LAKI LAKI,1,ORANG,2022
768,32,JAWA BARAT,3273,KOTA BANDUNG,3273080,BANDUNG KIDUL,32.73.21,BANDUNG KIDUL,UPT PASAWAHAN,PEREMPUAN,6,ORANG,2022
769,32,JAWA BARAT,3273,KOTA BANDUNG,3273120,UJUNG BERUNG,32.73.26,UJUNGBERUNG,UPT PASIRJATI,LAKI LAKI,48,ORANG,2022
770,32,JAWA BARAT,3273,KOTA BANDUNG,3273120,UJUNG BERUNG,32.73.26,UJUNGBERUNG,UPT PASIRJATI,PEREMPUAN,48,ORANG,2022
771,32,JAWA BARAT,3273,KOTA BANDUNG,3273190,CICENDO,32.73.06,CICENDO,UPT PASIRKALIKI,LAKI LAKI,73,ORANG,2022
772,32,JAWA BARAT,3273,KOTA BANDUNG,3273190,CICENDO,32.73.06,CICENDO,UPT PASIRKALIKI,PEREMPUAN,62,ORANG,2022
773,32,JAWA BARAT,3273,KOTA BANDUNG,3273210,CIBEUNYING KIDUL,32.73.14,CIBEUNYING KIDUL,UPT PASIRLAYUNG,LAKI LAKI,28,ORANG,2022
774,32,JAWA BARAT,3273,KOTA BANDUNG,3273210,CIBEUNYING KIDUL,32.73.14,CIBEUNYING KIDUL,UPT PASIRLAYUNG,PEREMPUAN,29,ORANG,2022
775,32,JAWA BARAT,3273,KOTA BANDUNG,3273060,REGOL,32.73.11,REGOL,UPT PASIRLUYU,LAKI LAKI,21,ORANG,2022
776,32,JAWA BARAT,3273,KOTA BANDUNG,3273060,REGOL,32.73.11,REGOL,UPT PASIRLUYU,PEREMPUAN,26,ORANG,2022
777,32,JAWA BARAT,3273,KOTA BANDUNG,3273060,REGOL,32.73.11,REGOL,UPT PASUNDAN,LAKI LAKI,22,ORANG,2022
778,32,JAWA BARAT,3273,KOTA BANDUNG,3273060,REGOL,32.73.11,REGOL,UPT PASUNDAN,PEREMPUAN,9,ORANG,2022
779,32,JAWA BARAT,3273,KOTA BANDUNG,3273050,ASTANAANYAR,32.73.10,ASTANA ANYAR,UPT PELINDUNG HEWAN,LAKI LAKI,21,ORANG,2022
780,32,JAWA BARAT,3273,KOTA BANDUNG,3273050,ASTANAANYAR,32.73.10,ASTANA ANYAR,UPT PELINDUNG HEWAN,PEREMPUAN,15,ORANG,2022
781,32,JAWA BARAT,3273,KOTA BANDUNG,3273230,COBLONG,32.73.02,COBLONG,UPT PUTER,LAKI LAKI,13,ORANG,2022
782,32,JAWA BARAT,3273,KOTA BANDUNG,3273230,COBLONG,32.73.02,COBLONG,UPT PUTER,PEREMPUAN,14,ORANG,2022
783,32,JAWA BARAT,3273,KOTA BANDUNG,3273101,GEDEBAGE,32.73.27,GEDEBAGE,UPT RIUNG BANDUNG,LAKI LAKI,70,ORANG,2022
784,32,JAWA BARAT,3273,KOTA BANDUNG,3273101,GEDEBAGE,32.73.27,GEDEBAGE,UPT RIUNG BANDUNG,PEREMPUAN,60,ORANG,2022
785,32,JAWA BARAT,3273,KOTA BANDUNG,3273130,ARCAMANIK,32.73.24,ARCAMANIK,UPT RUSUNAWA,LAKI LAKI,84,ORANG,2022
786,32,JAWA BARAT,3273,KOTA BANDUNG,3273130,ARCAMANIK,32.73.24,ARCAMANIK,UPT RUSUNAWA,PEREMPUAN,81,ORANG,2022
787,32,JAWA BARAT,3273,KOTA BANDUNG,3273200,BANDUNG WETAN,32.73.09,BANDUNG WETAN,UPT SALAM,LAKI LAKI,14,ORANG,2022
788,32,JAWA BARAT,3273,KOTA BANDUNG,3273200,BANDUNG WETAN,32.73.09,BANDUNG WETAN,UPT SALAM,PEREMPUAN,3,ORANG,2022
789,32,JAWA BARAT,3273,KOTA BANDUNG,3273250,SUKASARI,32.73.01,SUKASARI,UPT SARIJADI,LAKI LAKI,37,ORANG,2022
790,32,JAWA BARAT,3273,KOTA BANDUNG,3273250,SUKASARI,32.73.01,SUKASARI,UPT SARIJADI,PEREMPUAN,32,ORANG,2022
791,32,JAWA BARAT,3273,KOTA BANDUNG,3273090,BUAHBATU,32.73.22,BUAHBATU,UPT SEKEJATI,LAKI LAKI,63,ORANG,2022
792,32,JAWA BARAT,3273,KOTA BANDUNG,3273090,BUAHBATU,32.73.22,BUAHBATU,UPT SEKEJATI,PEREMPUAN,52,ORANG,2022
793,32,JAWA BARAT,3273,KOTA BANDUNG,3273230,COBLONG,32.73.02,COBLONG,UPT SEKELOA,LAKI LAKI,16,ORANG,2022
794,32,JAWA BARAT,3273,KOTA BANDUNG,3273230,COBLONG,32.73.02,COBLONG,UPT SEKELOA,PEREMPUAN,21,ORANG,2022
795,32,JAWA BARAT,3273,KOTA BANDUNG,3273142,MANDALAJATI,32.73.30,MANDALAJATI,UPT SINDANG JAYA,LAKI LAKI,31,ORANG,2022
796,32,JAWA BARAT,3273,KOTA BANDUNG,3273142,MANDALAJATI,32.73.30,MANDALAJATI,UPT SINDANG JAYA,PEREMPUAN,35,ORANG,2022
797,32,JAWA BARAT,3273,KOTA BANDUNG,3273240,SUKAJADI,32.73.07,SUKAJADI,UPT SUKAGALIH,LAKI LAKI,23,ORANG,2022
798,32,JAWA BARAT,3273,KOTA BANDUNG,3273240,SUKAJADI,32.73.07,SUKAJADI,UPT SUKAGALIH,PEREMPUAN,20,ORANG,2022
799,32,JAWA BARAT,3273,KOTA BANDUNG,3273020,BABAKAN CIPARAY,32.73.03,BABAKAN CIPARAY,UPT SUKAHAJI,LAKI LAKI,19,ORANG,2022
800,32,JAWA BARAT,3273,KOTA BANDUNG,3273020,BABAKAN CIPARAY,32.73.03,BABAKAN CIPARAY,UPT SUKAHAJI,PEREMPUAN,25,ORANG,2022
801,32,JAWA BARAT,3273,KOTA BANDUNG,3273240,SUKAJADI,32.73.07,SUKAJADI,UPT SUKAJADI,LAKI LAKI,80,ORANG,2022
802,32,JAWA BARAT,3273,KOTA BANDUNG,3273240,SUKAJADI,32.73.07,SUKAJADI,UPT SUKAJADI,PEREMPUAN,68,ORANG,2022
803,32,JAWA BARAT,3273,KOTA BANDUNG,3273030,BOJONGLOA KALER,32.73.04,BOJONGLOA KALER,UPT SUKAPARKIR,LAKI LAKI,19,ORANG,2022
804,32,JAWA BARAT,3273,KOTA BANDUNG,3273030,BOJONGLOA KALER,32.73.04,BOJONGLOA KALER,UPT SUKAPARKIR,PEREMPUAN,14,ORANG,2022
805,32,JAWA BARAT,3273,KOTA BANDUNG,3273190,CICENDO,32.73.06,CICENDO,UPT SUKARAJA,LAKI LAKI,18,ORANG,2022
806,32,JAWA BARAT,3273,KOTA BANDUNG,3273190,CICENDO,32.73.06,CICENDO,UPT SUKARAJA,PEREMPUAN,25,ORANG,2022
807,32,JAWA BARAT,3273,KOTA BANDUNG,3273250,SUKASARI,32.73.01,SUKASARI,UPT SUKARASA,LAKI LAKI,15,ORANG,2022
808,32,JAWA BARAT,3273,KOTA BANDUNG,3273250,SUKASARI,32.73.01,SUKASARI,UPT SUKARASA,PEREMPUAN,15,ORANG,2022
809,32,JAWA BARAT,3273,KOTA BANDUNG,3273240,SUKAJADI,32.73.07,SUKAJADI,UPT SUKAWARNA,LAKI LAKI,16,ORANG,2022
810,32,JAWA BARAT,3273,KOTA BANDUNG,3273240,SUKAJADI,32.73.07,SUKAJADI,UPT SUKAWARNA,PEREMPUAN,16,ORANG,2022
811,32,JAWA BARAT,3273,KOTA BANDUNG,3273070,LENGKONG,32.73.13,LENGKONG,UPT SURYALAYA,LAKI LAKI,2,ORANG,2022
812,32,JAWA BARAT,3273,KOTA BANDUNG,3273070,LENGKONG,32.73.13,LENGKONG,UPT SURYALAYA,PEREMPUAN,5,ORANG,2022
813,32,JAWA BARAT,3273,KOTA BANDUNG,3273070,LENGKONG,32.73.13,LENGKONG,UPT TALAGABODAS,LAKI LAKI,24,ORANG,2022
814,32,JAWA BARAT,3273,KOTA BANDUNG,3273070,LENGKONG,32.73.13,LENGKONG,UPT TALAGABODAS,PEREMPUAN,24,ORANG,2022
815,32,JAWA BARAT,3273,KOTA BANDUNG,3273200,BANDUNG WETAN,32.73.09,BANDUNG WETAN,UPT TAMANSARI,LAKI LAKI,27,ORANG,2022
816,32,JAWA BARAT,3273,KOTA BANDUNG,3273200,BANDUNG WETAN,32.73.09,BANDUNG WETAN,UPT TAMANSARI,PEREMPUAN,21,ORANG,2022
817,32,JAWA BARAT,3273,KOTA BANDUNG,3273170,SUMUR BANDUNG,32.73.19,SUMUR BANDUNG,UPT TAMBLONG,LAKI LAKI,30,ORANG,2022
818,32,JAWA BARAT,3273,KOTA BANDUNG,3273170,SUMUR BANDUNG,32.73.19,SUMUR BANDUNG,UPT TAMBLONG,PEREMPUAN,19,ORANG,2022
819,32,JAWA BARAT,3273,KOTA BANDUNG,3273120,UJUNG BERUNG,32.73.26,UJUNGBERUNG,UPT UJUNGBERUNG INDAH,LAKI LAKI,57,ORANG,2022
820,32,JAWA BARAT,3273,KOTA BANDUNG,3273120,UJUNG BERUNG,32.73.26,UJUNGBERUNG,UPT UJUNGBERUNG INDAH,PEREMPUAN,62,ORANG,2022
